y_true,y_pred,subject_id,fold_id,model,task,recording_id
N2,W,slp01b,1,xgboost,stage,slp01b
N2,N2,slp01b,1,xgboost,stage,slp01b
N2,N1,slp01b,1,xgboost,stage,slp01b
N2,N2,slp01b,1,xgboost,stage,slp01b
N2,N2,slp01b,1,xgboost,stage,slp01b
N2,N2,slp01b,1,xgboost,stage,slp01b
N2,N2,slp01b,1,xgboost,stage,slp01b
N2,N2,slp01b,1,xgboost,stage,slp01b
N2,W,slp01b,1,xgboost,stage,slp01b
W,W,slp01b,1,xgboost,stage,slp01b
W,W,slp01b,1,xgboost,stage,slp01b
W,W,slp01b,1,xgboost,stage,slp01b
W,N2,slp01b,1,xgboost,stage,slp01b
W,W,slp01b,1,xgboost,stage,slp01b
W,N2,slp01b,1,xgboost,stage,slp01b
W,W,slp01b,1,xgboost,stage,slp01b
W,W,slp01b,1,xgboost,stage,slp01b
W,W,slp01b,1,xgboost,stage,slp01b
W,W,slp01b,1,xgboost,stage,slp01b
W,W,slp01b,1,xgboost,stage,slp01b
W,W,slp01b,1,xgboost,stage,slp01b
W,W,slp01b,1,xgboost,stage,slp01b
W,W,slp01b,1,xgboost,stage,slp01b
W,W,slp01b,1,xgboost,stage,slp01b
W,W,slp01b,1,xgboost,stage,slp01b
W,W,slp01b,1,xgboost,stage,slp01b
W,W,slp01b,1,xgboost,stage,slp01b
W,W,slp01b,1,xgboost,stage,slp01b
W,W,slp01b,1,xgboost,stage,slp01b
W,W,slp01b,1,xgboost,stage,slp01b
W,W,slp01b,1,xgboost,stage,slp01b
W,W,slp01b,1,xgboost,stage,slp01b
W,W,slp01b,1,xgboost,stage,slp01b
W,W,slp01b,1,xgboost,stage,slp01b
W,W,slp01b,1,xgboost,stage,slp01b
W,W,slp01b,1,xgboost,stage,slp01b
W,W,slp01b,1,xgboost,stage,slp01b
W,W,slp01b,1,xgboost,stage,slp01b
W,W,slp01b,1,xgboost,stage,slp01b
W,W,slp01b,1,xgboost,stage,slp01b
W,W,slp01b,1,xgboost,stage,slp01b
W,W,slp01b,1,xgboost,stage,slp01b
W,W,slp01b,1,xgboost,stage,slp01b
W,W,slp01b,1,xgboost,stage,slp01b
W,W,slp01b,1,xgboost,stage,slp01b
W,W,slp01b,1,xgboost,stage,slp01b
W,W,slp01b,1,xgboost,stage,slp01b
W,W,slp01b,1,xgboost,stage,slp01b
W,W,slp01b,1,xgboost,stage,slp01b
W,W,slp01b,1,xgboost,stage,slp01b
W,W,slp01b,1,xgboost,stage,slp01b
W,W,slp01b,1,xgboost,stage,slp01b
W,W,slp01b,1,xgboost,stage,slp01b
W,W,slp01b,1,xgboost,stage,slp01b
W,W,slp01b,1,xgboost,stage,slp01b
W,W,slp01b,1,xgboost,stage,slp01b
W,W,slp01b,1,xgboost,stage,slp01b
W,W,slp01b,1,xgboost,stage,slp01b
W,W,slp01b,1,xgboost,stage,slp01b
W,W,slp01b,1,xgboost,stage,slp01b
W,W,slp01b,1,xgboost,stage,slp01b
W,W,slp01b,1,xgboost,stage,slp01b
W,W,slp01b,1,xgboost,stage,slp01b
W,W,slp01b,1,xgboost,stage,slp01b
W,W,slp01b,1,xgboost,stage,slp01b
W,W,slp01b,1,xgboost,stage,slp01b
W,W,slp01b,1,xgboost,stage,slp01b
W,W,slp01b,1,xgboost,stage,slp01b
W,W,slp01b,1,xgboost,stage,slp01b
W,W,slp01b,1,xgboost,stage,slp01b
W,W,slp01b,1,xgboost,stage,slp01b
W,W,slp01b,1,xgboost,stage,slp01b
W,W,slp01b,1,xgboost,stage,slp01b
W,W,slp01b,1,xgboost,stage,slp01b
W,W,slp01b,1,xgboost,stage,slp01b
W,W,slp01b,1,xgboost,stage,slp01b
W,W,slp01b,1,xgboost,stage,slp01b
W,W,slp01b,1,xgboost,stage,slp01b
W,W,slp01b,1,xgboost,stage,slp01b
W,W,slp01b,1,xgboost,stage,slp01b
W,W,slp01b,1,xgboost,stage,slp01b
W,W,slp01b,1,xgboost,stage,slp01b
W,W,slp01b,1,xgboost,stage,slp01b
W,W,slp01b,1,xgboost,stage,slp01b
W,W,slp01b,1,xgboost,stage,slp01b
W,W,slp01b,1,xgboost,stage,slp01b
W,W,slp01b,1,xgboost,stage,slp01b
W,W,slp01b,1,xgboost,stage,slp01b
W,W,slp01b,1,xgboost,stage,slp01b
W,W,slp01b,1,xgboost,stage,slp01b
W,W,slp01b,1,xgboost,stage,slp01b
W,W,slp01b,1,xgboost,stage,slp01b
W,W,slp01b,1,xgboost,stage,slp01b
W,W,slp01b,1,xgboost,stage,slp01b
W,W,slp01b,1,xgboost,stage,slp01b
W,W,slp01b,1,xgboost,stage,slp01b
W,W,slp01b,1,xgboost,stage,slp01b
W,W,slp01b,1,xgboost,stage,slp01b
W,W,slp01b,1,xgboost,stage,slp01b
W,W,slp01b,1,xgboost,stage,slp01b
W,W,slp01b,1,xgboost,stage,slp01b
W,W,slp01b,1,xgboost,stage,slp01b
W,W,slp01b,1,xgboost,stage,slp01b
W,W,slp01b,1,xgboost,stage,slp01b
W,W,slp01b,1,xgboost,stage,slp01b
W,W,slp01b,1,xgboost,stage,slp01b
W,W,slp01b,1,xgboost,stage,slp01b
W,W,slp01b,1,xgboost,stage,slp01b
W,W,slp01b,1,xgboost,stage,slp01b
W,W,slp01b,1,xgboost,stage,slp01b
W,W,slp01b,1,xgboost,stage,slp01b
W,W,slp01b,1,xgboost,stage,slp01b
W,W,slp01b,1,xgboost,stage,slp01b
W,W,slp01b,1,xgboost,stage,slp01b
W,W,slp01b,1,xgboost,stage,slp01b
W,W,slp01b,1,xgboost,stage,slp01b
W,W,slp01b,1,xgboost,stage,slp01b
W,W,slp01b,1,xgboost,stage,slp01b
W,W,slp01b,1,xgboost,stage,slp01b
W,W,slp01b,1,xgboost,stage,slp01b
W,W,slp01b,1,xgboost,stage,slp01b
W,W,slp01b,1,xgboost,stage,slp01b
W,W,slp01b,1,xgboost,stage,slp01b
W,W,slp01b,1,xgboost,stage,slp01b
W,W,slp01b,1,xgboost,stage,slp01b
W,W,slp01b,1,xgboost,stage,slp01b
W,W,slp01b,1,xgboost,stage,slp01b
W,W,slp01b,1,xgboost,stage,slp01b
W,W,slp01b,1,xgboost,stage,slp01b
W,W,slp01b,1,xgboost,stage,slp01b
W,W,slp01b,1,xgboost,stage,slp01b
W,W,slp01b,1,xgboost,stage,slp01b
W,W,slp01b,1,xgboost,stage,slp01b
W,W,slp01b,1,xgboost,stage,slp01b
W,W,slp01b,1,xgboost,stage,slp01b
W,W,slp01b,1,xgboost,stage,slp01b
W,W,slp01b,1,xgboost,stage,slp01b
W,W,slp01b,1,xgboost,stage,slp01b
N1,W,slp01b,1,xgboost,stage,slp01b
W,W,slp01b,1,xgboost,stage,slp01b
W,W,slp01b,1,xgboost,stage,slp01b
W,W,slp01b,1,xgboost,stage,slp01b
N1,REM,slp01b,1,xgboost,stage,slp01b
N2,REM,slp01b,1,xgboost,stage,slp01b
W,W,slp01b,1,xgboost,stage,slp01b
N1,N2,slp01b,1,xgboost,stage,slp01b
N2,N1,slp01b,1,xgboost,stage,slp01b
N1,REM,slp01b,1,xgboost,stage,slp01b
N2,W,slp01b,1,xgboost,stage,slp01b
N2,W,slp01b,1,xgboost,stage,slp01b
N2,REM,slp01b,1,xgboost,stage,slp01b
N1,REM,slp01b,1,xgboost,stage,slp01b
W,W,slp01b,1,xgboost,stage,slp01b
N2,REM,slp01b,1,xgboost,stage,slp01b
N2,W,slp01b,1,xgboost,stage,slp01b
N2,N2,slp01b,1,xgboost,stage,slp01b
N2,N2,slp01b,1,xgboost,stage,slp01b
N2,REM,slp01b,1,xgboost,stage,slp01b
N2,N2,slp01b,1,xgboost,stage,slp01b
N2,N2,slp01b,1,xgboost,stage,slp01b
N2,N2,slp01b,1,xgboost,stage,slp01b
N2,N2,slp01b,1,xgboost,stage,slp01b
N2,N2,slp01b,1,xgboost,stage,slp01b
N2,N2,slp01b,1,xgboost,stage,slp01b
N2,W,slp01b,1,xgboost,stage,slp01b
N2,N2,slp01b,1,xgboost,stage,slp01b
N2,N2,slp01b,1,xgboost,stage,slp01b
N2,W,slp01b,1,xgboost,stage,slp01b
N2,N2,slp01b,1,xgboost,stage,slp01b
N2,N2,slp01b,1,xgboost,stage,slp01b
N2,W,slp01b,1,xgboost,stage,slp01b
N2,N2,slp01b,1,xgboost,stage,slp01b
N2,N2,slp01b,1,xgboost,stage,slp01b
N2,W,slp01b,1,xgboost,stage,slp01b
N2,REM,slp01b,1,xgboost,stage,slp01b
N2,N2,slp01b,1,xgboost,stage,slp01b
N2,N2,slp01b,1,xgboost,stage,slp01b
N2,N2,slp01b,1,xgboost,stage,slp01b
N2,N2,slp01b,1,xgboost,stage,slp01b
N2,W,slp01b,1,xgboost,stage,slp01b
N2,N2,slp01b,1,xgboost,stage,slp01b
N2,N2,slp01b,1,xgboost,stage,slp01b
N2,N2,slp01b,1,xgboost,stage,slp01b
N2,N2,slp01b,1,xgboost,stage,slp01b
N2,N1,slp01b,1,xgboost,stage,slp01b
N2,N1,slp01b,1,xgboost,stage,slp01b
N2,N1,slp01b,1,xgboost,stage,slp01b
N2,N2,slp01b,1,xgboost,stage,slp01b
N2,N2,slp01b,1,xgboost,stage,slp01b
N2,N2,slp01b,1,xgboost,stage,slp01b
N2,N2,slp01b,1,xgboost,stage,slp01b
N2,W,slp01b,1,xgboost,stage,slp01b
N2,N1,slp01b,1,xgboost,stage,slp01b
N2,N2,slp01b,1,xgboost,stage,slp01b
N2,N2,slp01b,1,xgboost,stage,slp01b
N2,W,slp01b,1,xgboost,stage,slp01b
W,W,slp01b,1,xgboost,stage,slp01b
W,W,slp01b,1,xgboost,stage,slp01b
W,W,slp01b,1,xgboost,stage,slp01b
W,W,slp01b,1,xgboost,stage,slp01b
W,W,slp01b,1,xgboost,stage,slp01b
W,W,slp01b,1,xgboost,stage,slp01b
W,W,slp01b,1,xgboost,stage,slp01b
W,W,slp01b,1,xgboost,stage,slp01b
W,W,slp01b,1,xgboost,stage,slp01b
W,W,slp01b,1,xgboost,stage,slp01b
W,W,slp01b,1,xgboost,stage,slp01b
W,W,slp01b,1,xgboost,stage,slp01b
W,W,slp01b,1,xgboost,stage,slp01b
W,W,slp01b,1,xgboost,stage,slp01b
W,W,slp01b,1,xgboost,stage,slp01b
W,W,slp01b,1,xgboost,stage,slp01b
W,W,slp01b,1,xgboost,stage,slp01b
W,W,slp01b,1,xgboost,stage,slp01b
W,W,slp01b,1,xgboost,stage,slp01b
W,W,slp01b,1,xgboost,stage,slp01b
W,W,slp01b,1,xgboost,stage,slp01b
W,W,slp01b,1,xgboost,stage,slp01b
W,W,slp01b,1,xgboost,stage,slp01b
W,W,slp01b,1,xgboost,stage,slp01b
W,W,slp01b,1,xgboost,stage,slp01b
W,W,slp01b,1,xgboost,stage,slp01b
W,W,slp01b,1,xgboost,stage,slp01b
W,W,slp01b,1,xgboost,stage,slp01b
W,W,slp01b,1,xgboost,stage,slp01b
N1,W,slp01b,1,xgboost,stage,slp01b
N1,W,slp01b,1,xgboost,stage,slp01b
W,N1,slp01b,1,xgboost,stage,slp01b
N1,W,slp01b,1,xgboost,stage,slp01b
W,W,slp01b,1,xgboost,stage,slp01b
W,W,slp01b,1,xgboost,stage,slp01b
N1,N2,slp01b,1,xgboost,stage,slp01b
N2,N2,slp01b,1,xgboost,stage,slp01b
N2,N2,slp01b,1,xgboost,stage,slp01b
N2,W,slp01b,1,xgboost,stage,slp01b
W,W,slp01b,1,xgboost,stage,slp01b
N1,N2,slp01b,1,xgboost,stage,slp01b
N2,W,slp01b,1,xgboost,stage,slp01b
N2,N2,slp01b,1,xgboost,stage,slp01b
N2,N2,slp01b,1,xgboost,stage,slp01b
N2,W,slp01b,1,xgboost,stage,slp01b
N2,W,slp01b,1,xgboost,stage,slp01b
N2,N2,slp01b,1,xgboost,stage,slp01b
N2,N2,slp01b,1,xgboost,stage,slp01b
N2,N1,slp01b,1,xgboost,stage,slp01b
N2,REM,slp01b,1,xgboost,stage,slp01b
N2,W,slp01b,1,xgboost,stage,slp01b
N2,N2,slp01b,1,xgboost,stage,slp01b
N2,N1,slp01b,1,xgboost,stage,slp01b
N2,N2,slp01b,1,xgboost,stage,slp01b
N2,N2,slp01b,1,xgboost,stage,slp01b
N2,N2,slp01b,1,xgboost,stage,slp01b
N2,W,slp01b,1,xgboost,stage,slp01b
W,W,slp01b,1,xgboost,stage,slp01b
W,W,slp01b,1,xgboost,stage,slp01b
N1,N1,slp01b,1,xgboost,stage,slp01b
W,N2,slp01b,1,xgboost,stage,slp01b
N1,W,slp01b,1,xgboost,stage,slp01b
W,W,slp01b,1,xgboost,stage,slp01b
N1,N2,slp01b,1,xgboost,stage,slp01b
N2,W,slp01b,1,xgboost,stage,slp01b
N2,N2,slp01b,1,xgboost,stage,slp01b
N2,N2,slp01b,1,xgboost,stage,slp01b
N2,N2,slp01b,1,xgboost,stage,slp01b
N2,N2,slp01b,1,xgboost,stage,slp01b
N2,N1,slp01b,1,xgboost,stage,slp01b
REM,N2,slp01b,1,xgboost,stage,slp01b
REM,N2,slp01b,1,xgboost,stage,slp01b
REM,N2,slp01b,1,xgboost,stage,slp01b
REM,N2,slp01b,1,xgboost,stage,slp01b
REM,N2,slp01b,1,xgboost,stage,slp01b
REM,W,slp01b,1,xgboost,stage,slp01b
REM,W,slp01b,1,xgboost,stage,slp01b
W,W,slp01b,1,xgboost,stage,slp01b
W,N1,slp01b,1,xgboost,stage,slp01b
N1,W,slp01b,1,xgboost,stage,slp01b
W,W,slp01b,1,xgboost,stage,slp01b
W,W,slp01b,1,xgboost,stage,slp01b
N1,N2,slp01b,1,xgboost,stage,slp01b
N1,N1,slp01b,1,xgboost,stage,slp01b
N2,W,slp01b,1,xgboost,stage,slp01b
N2,W,slp01b,1,xgboost,stage,slp01b
W,W,slp01b,1,xgboost,stage,slp01b
N1,N2,slp01b,1,xgboost,stage,slp01b
N2,W,slp01b,1,xgboost,stage,slp01b
N2,W,slp01b,1,xgboost,stage,slp01b
N2,N1,slp01b,1,xgboost,stage,slp01b
N2,W,slp01b,1,xgboost,stage,slp01b
N2,N2,slp01b,1,xgboost,stage,slp01b
N2,N2,slp01b,1,xgboost,stage,slp01b
N2,N2,slp01b,1,xgboost,stage,slp01b
N2,W,slp01b,1,xgboost,stage,slp01b
N2,W,slp01b,1,xgboost,stage,slp01b
N2,N2,slp01b,1,xgboost,stage,slp01b
N2,N2,slp01b,1,xgboost,stage,slp01b
N2,N1,slp01b,1,xgboost,stage,slp01b
N2,N2,slp01b,1,xgboost,stage,slp01b
REM,N2,slp01b,1,xgboost,stage,slp01b
REM,N2,slp01b,1,xgboost,stage,slp01b
REM,N1,slp01b,1,xgboost,stage,slp01b
REM,N2,slp01b,1,xgboost,stage,slp01b
REM,N2,slp01b,1,xgboost,stage,slp01b
REM,N1,slp01b,1,xgboost,stage,slp01b
REM,N2,slp01b,1,xgboost,stage,slp01b
REM,N2,slp01b,1,xgboost,stage,slp01b
REM,N2,slp01b,1,xgboost,stage,slp01b
REM,N1,slp01b,1,xgboost,stage,slp01b
REM,N2,slp01b,1,xgboost,stage,slp01b
REM,W,slp01b,1,xgboost,stage,slp01b
N1,W,slp01b,1,xgboost,stage,slp01b
N1,W,slp01b,1,xgboost,stage,slp01b
N1,N1,slp01b,1,xgboost,stage,slp01b
N1,N2,slp01b,1,xgboost,stage,slp01b
N2,W,slp01b,1,xgboost,stage,slp01b
N2,W,slp01b,1,xgboost,stage,slp01b
N2,N2,slp01b,1,xgboost,stage,slp01b
N2,N2,slp01b,1,xgboost,stage,slp01b
N2,W,slp01b,1,xgboost,stage,slp01b
N2,N2,slp01b,1,xgboost,stage,slp01b
N2,N2,slp01b,1,xgboost,stage,slp01b
REM,W,slp01b,1,xgboost,stage,slp01b
REM,N2,slp01b,1,xgboost,stage,slp01b
REM,N1,slp01b,1,xgboost,stage,slp01b
REM,N2,slp01b,1,xgboost,stage,slp01b
REM,N2,slp01b,1,xgboost,stage,slp01b
REM,W,slp01b,1,xgboost,stage,slp01b
W,W,slp01b,1,xgboost,stage,slp01b
W,W,slp01b,1,xgboost,stage,slp01b
W,W,slp01b,1,xgboost,stage,slp01b
N1,W,slp01b,1,xgboost,stage,slp01b
N2,W,slp01b,1,xgboost,stage,slp01b
N2,W,slp01b,1,xgboost,stage,slp01b
N2,N2,slp01b,1,xgboost,stage,slp01b
N2,N1,slp01b,1,xgboost,stage,slp01b
N1,N2,slp01b,1,xgboost,stage,slp01b
N1,N2,slp01b,1,xgboost,stage,slp01b
N2,W,slp01b,1,xgboost,stage,slp01b
N2,N2,slp01b,1,xgboost,stage,slp01b
N2,N2,slp01b,1,xgboost,stage,slp01b
N2,N1,slp01b,1,xgboost,stage,slp01b
N2,N2,slp01b,1,xgboost,stage,slp01b
N2,N2,slp01b,1,xgboost,stage,slp01b
N2,N2,slp01b,1,xgboost,stage,slp01b
N2,N1,slp01b,1,xgboost,stage,slp01b
N2,W,slp01b,1,xgboost,stage,slp01b
N2,W,slp01b,1,xgboost,stage,slp01b
N2,N2,slp01b,1,xgboost,stage,slp01b
N2,N2,slp01b,1,xgboost,stage,slp01b
N2,N2,slp01b,1,xgboost,stage,slp01b
N2,N2,slp01b,1,xgboost,stage,slp01b
N2,W,slp01b,1,xgboost,stage,slp01b
N2,W,slp01b,1,xgboost,stage,slp01b
W,W,slp01b,1,xgboost,stage,slp01b
N1,N2,slp01b,1,xgboost,stage,slp01b
N1,W,slp01b,1,xgboost,stage,slp01b
N1,W,slp01b,1,xgboost,stage,slp01b
N2,N2,slp01b,1,xgboost,stage,slp01b
N2,N2,slp01b,1,xgboost,stage,slp01b
N2,N2,slp01b,1,xgboost,stage,slp01b
N2,REM,slp01b,1,xgboost,stage,slp01b
W,W,slp04,1,xgboost,stage,slp04
N1,N2,slp04,1,xgboost,stage,slp04
N1,W,slp04,1,xgboost,stage,slp04
N2,N2,slp04,1,xgboost,stage,slp04
N2,N2,slp04,1,xgboost,stage,slp04
N2,N2,slp04,1,xgboost,stage,slp04
N2,N1,slp04,1,xgboost,stage,slp04
W,W,slp04,1,xgboost,stage,slp04
N1,W,slp04,1,xgboost,stage,slp04
N1,W,slp04,1,xgboost,stage,slp04
N2,N1,slp04,1,xgboost,stage,slp04
N2,N2,slp04,1,xgboost,stage,slp04
N2,W,slp04,1,xgboost,stage,slp04
N2,W,slp04,1,xgboost,stage,slp04
N2,N1,slp04,1,xgboost,stage,slp04
N2,N2,slp04,1,xgboost,stage,slp04
N2,N2,slp04,1,xgboost,stage,slp04
N2,N2,slp04,1,xgboost,stage,slp04
W,W,slp04,1,xgboost,stage,slp04
W,W,slp04,1,xgboost,stage,slp04
W,W,slp04,1,xgboost,stage,slp04
W,W,slp04,1,xgboost,stage,slp04
W,W,slp04,1,xgboost,stage,slp04
W,W,slp04,1,xgboost,stage,slp04
W,W,slp04,1,xgboost,stage,slp04
W,W,slp04,1,xgboost,stage,slp04
W,W,slp04,1,xgboost,stage,slp04
W,W,slp04,1,xgboost,stage,slp04
W,W,slp04,1,xgboost,stage,slp04
W,W,slp04,1,xgboost,stage,slp04
W,W,slp04,1,xgboost,stage,slp04
W,W,slp04,1,xgboost,stage,slp04
W,W,slp04,1,xgboost,stage,slp04
W,W,slp04,1,xgboost,stage,slp04
W,W,slp04,1,xgboost,stage,slp04
W,W,slp04,1,xgboost,stage,slp04
N1,W,slp04,1,xgboost,stage,slp04
N1,W,slp04,1,xgboost,stage,slp04
N1,N2,slp04,1,xgboost,stage,slp04
N1,W,slp04,1,xgboost,stage,slp04
N1,W,slp04,1,xgboost,stage,slp04
W,W,slp04,1,xgboost,stage,slp04
W,W,slp04,1,xgboost,stage,slp04
N1,W,slp04,1,xgboost,stage,slp04
N2,W,slp04,1,xgboost,stage,slp04
N2,W,slp04,1,xgboost,stage,slp04
N2,N2,slp04,1,xgboost,stage,slp04
N2,N2,slp04,1,xgboost,stage,slp04
N2,N2,slp04,1,xgboost,stage,slp04
N2,N2,slp04,1,xgboost,stage,slp04
N2,N2,slp04,1,xgboost,stage,slp04
N2,N2,slp04,1,xgboost,stage,slp04
N2,N2,slp04,1,xgboost,stage,slp04
N2,N2,slp04,1,xgboost,stage,slp04
N2,N2,slp04,1,xgboost,stage,slp04
N2,N2,slp04,1,xgboost,stage,slp04
N2,N2,slp04,1,xgboost,stage,slp04
N2,N2,slp04,1,xgboost,stage,slp04
N2,N2,slp04,1,xgboost,stage,slp04
N2,N2,slp04,1,xgboost,stage,slp04
N2,N2,slp04,1,xgboost,stage,slp04
N2,N2,slp04,1,xgboost,stage,slp04
N2,N2,slp04,1,xgboost,stage,slp04
N2,N2,slp04,1,xgboost,stage,slp04
N2,N2,slp04,1,xgboost,stage,slp04
N2,N2,slp04,1,xgboost,stage,slp04
N2,N2,slp04,1,xgboost,stage,slp04
N2,N2,slp04,1,xgboost,stage,slp04
N2,N2,slp04,1,xgboost,stage,slp04
N2,N2,slp04,1,xgboost,stage,slp04
N2,N2,slp04,1,xgboost,stage,slp04
N3,N2,slp04,1,xgboost,stage,slp04
N3,N2,slp04,1,xgboost,stage,slp04
N3,N2,slp04,1,xgboost,stage,slp04
N3,N2,slp04,1,xgboost,stage,slp04
N3,N2,slp04,1,xgboost,stage,slp04
N3,N3,slp04,1,xgboost,stage,slp04
N3,N2,slp04,1,xgboost,stage,slp04
N3,N2,slp04,1,xgboost,stage,slp04
N3,N2,slp04,1,xgboost,stage,slp04
N3,N2,slp04,1,xgboost,stage,slp04
N3,N2,slp04,1,xgboost,stage,slp04
N3,N2,slp04,1,xgboost,stage,slp04
N3,N2,slp04,1,xgboost,stage,slp04
N3,N2,slp04,1,xgboost,stage,slp04
N3,N2,slp04,1,xgboost,stage,slp04
N3,N2,slp04,1,xgboost,stage,slp04
N3,N2,slp04,1,xgboost,stage,slp04
N3,N2,slp04,1,xgboost,stage,slp04
N3,N3,slp04,1,xgboost,stage,slp04
N3,N2,slp04,1,xgboost,stage,slp04
N3,N2,slp04,1,xgboost,stage,slp04
N2,N3,slp04,1,xgboost,stage,slp04
N2,N2,slp04,1,xgboost,stage,slp04
N2,N2,slp04,1,xgboost,stage,slp04
N2,N2,slp04,1,xgboost,stage,slp04
N2,N2,slp04,1,xgboost,stage,slp04
N2,N2,slp04,1,xgboost,stage,slp04
N2,N2,slp04,1,xgboost,stage,slp04
N3,N2,slp04,1,xgboost,stage,slp04
N2,N2,slp04,1,xgboost,stage,slp04
N2,N2,slp04,1,xgboost,stage,slp04
N2,W,slp04,1,xgboost,stage,slp04
W,W,slp04,1,xgboost,stage,slp04
W,W,slp04,1,xgboost,stage,slp04
W,W,slp04,1,xgboost,stage,slp04
W,W,slp04,1,xgboost,stage,slp04
W,W,slp04,1,xgboost,stage,slp04
N1,W,slp04,1,xgboost,stage,slp04
N1,W,slp04,1,xgboost,stage,slp04
N2,N2,slp04,1,xgboost,stage,slp04
N2,W,slp04,1,xgboost,stage,slp04
W,W,slp04,1,xgboost,stage,slp04
N1,W,slp04,1,xgboost,stage,slp04
N2,N2,slp04,1,xgboost,stage,slp04
N2,W,slp04,1,xgboost,stage,slp04
N2,W,slp04,1,xgboost,stage,slp04
N2,N2,slp04,1,xgboost,stage,slp04
N2,W,slp04,1,xgboost,stage,slp04
N2,N2,slp04,1,xgboost,stage,slp04
N2,N1,slp04,1,xgboost,stage,slp04
W,N2,slp04,1,xgboost,stage,slp04
W,W,slp04,1,xgboost,stage,slp04
W,W,slp04,1,xgboost,stage,slp04
N1,N2,slp04,1,xgboost,stage,slp04
N2,N2,slp04,1,xgboost,stage,slp04
N2,N2,slp04,1,xgboost,stage,slp04
N2,W,slp04,1,xgboost,stage,slp04
N1,N2,slp04,1,xgboost,stage,slp04
N1,W,slp04,1,xgboost,stage,slp04
W,N2,slp04,1,xgboost,stage,slp04
N2,N1,slp04,1,xgboost,stage,slp04
N2,N2,slp04,1,xgboost,stage,slp04
N2,N1,slp04,1,xgboost,stage,slp04
N2,W,slp04,1,xgboost,stage,slp04
N2,N1,slp04,1,xgboost,stage,slp04
N2,W,slp04,1,xgboost,stage,slp04
N2,W,slp04,1,xgboost,stage,slp04
N2,N1,slp04,1,xgboost,stage,slp04
N2,N2,slp04,1,xgboost,stage,slp04
N2,W,slp04,1,xgboost,stage,slp04
N2,N2,slp04,1,xgboost,stage,slp04
N2,N1,slp04,1,xgboost,stage,slp04
N2,N1,slp04,1,xgboost,stage,slp04
N2,N2,slp04,1,xgboost,stage,slp04
N2,N2,slp04,1,xgboost,stage,slp04
N2,N1,slp04,1,xgboost,stage,slp04
N2,N1,slp04,1,xgboost,stage,slp04
N2,N2,slp04,1,xgboost,stage,slp04
N2,N2,slp04,1,xgboost,stage,slp04
N2,N1,slp04,1,xgboost,stage,slp04
N2,N1,slp04,1,xgboost,stage,slp04
N2,N1,slp04,1,xgboost,stage,slp04
N2,N2,slp04,1,xgboost,stage,slp04
N2,N2,slp04,1,xgboost,stage,slp04
N2,N2,slp04,1,xgboost,stage,slp04
N2,N2,slp04,1,xgboost,stage,slp04
N2,N2,slp04,1,xgboost,stage,slp04
N2,N1,slp04,1,xgboost,stage,slp04
N2,W,slp04,1,xgboost,stage,slp04
N2,W,slp04,1,xgboost,stage,slp04
N2,W,slp04,1,xgboost,stage,slp04
N2,N2,slp04,1,xgboost,stage,slp04
N2,N2,slp04,1,xgboost,stage,slp04
N2,W,slp04,1,xgboost,stage,slp04
N2,N2,slp04,1,xgboost,stage,slp04
N2,N1,slp04,1,xgboost,stage,slp04
N2,N2,slp04,1,xgboost,stage,slp04
N2,N2,slp04,1,xgboost,stage,slp04
N2,N2,slp04,1,xgboost,stage,slp04
N2,N2,slp04,1,xgboost,stage,slp04
N2,N2,slp04,1,xgboost,stage,slp04
N2,N2,slp04,1,xgboost,stage,slp04
N2,W,slp04,1,xgboost,stage,slp04
N2,W,slp04,1,xgboost,stage,slp04
W,W,slp04,1,xgboost,stage,slp04
W,W,slp04,1,xgboost,stage,slp04
W,W,slp04,1,xgboost,stage,slp04
W,W,slp04,1,xgboost,stage,slp04
W,W,slp04,1,xgboost,stage,slp04
W,W,slp04,1,xgboost,stage,slp04
W,W,slp04,1,xgboost,stage,slp04
W,W,slp04,1,xgboost,stage,slp04
N1,W,slp04,1,xgboost,stage,slp04
W,N2,slp04,1,xgboost,stage,slp04
N1,W,slp04,1,xgboost,stage,slp04
N1,N1,slp04,1,xgboost,stage,slp04
N2,N1,slp04,1,xgboost,stage,slp04
N2,N2,slp04,1,xgboost,stage,slp04
N2,N2,slp04,1,xgboost,stage,slp04
N2,N2,slp04,1,xgboost,stage,slp04
N2,N1,slp04,1,xgboost,stage,slp04
N2,N2,slp04,1,xgboost,stage,slp04
N2,W,slp04,1,xgboost,stage,slp04
W,W,slp04,1,xgboost,stage,slp04
W,W,slp04,1,xgboost,stage,slp04
W,N2,slp04,1,xgboost,stage,slp04
N1,W,slp04,1,xgboost,stage,slp04
N2,N1,slp04,1,xgboost,stage,slp04
N2,N2,slp04,1,xgboost,stage,slp04
N2,W,slp04,1,xgboost,stage,slp04
N2,N1,slp04,1,xgboost,stage,slp04
N2,N2,slp04,1,xgboost,stage,slp04
N2,N1,slp04,1,xgboost,stage,slp04
N2,N2,slp04,1,xgboost,stage,slp04
N2,N1,slp04,1,xgboost,stage,slp04
N2,N1,slp04,1,xgboost,stage,slp04
N2,W,slp04,1,xgboost,stage,slp04
N2,N2,slp04,1,xgboost,stage,slp04
N2,N2,slp04,1,xgboost,stage,slp04
N2,N2,slp04,1,xgboost,stage,slp04
N2,N2,slp04,1,xgboost,stage,slp04
N2,N2,slp04,1,xgboost,stage,slp04
N2,N2,slp04,1,xgboost,stage,slp04
N2,N2,slp04,1,xgboost,stage,slp04
N2,N1,slp04,1,xgboost,stage,slp04
N2,W,slp04,1,xgboost,stage,slp04
N2,W,slp04,1,xgboost,stage,slp04
W,W,slp04,1,xgboost,stage,slp04
N1,W,slp04,1,xgboost,stage,slp04
N2,N2,slp04,1,xgboost,stage,slp04
N2,W,slp04,1,xgboost,stage,slp04
N2,N1,slp04,1,xgboost,stage,slp04
N2,W,slp04,1,xgboost,stage,slp04
N2,N2,slp04,1,xgboost,stage,slp04
N2,N2,slp04,1,xgboost,stage,slp04
N2,N2,slp04,1,xgboost,stage,slp04
N2,N1,slp04,1,xgboost,stage,slp04
N2,N2,slp04,1,xgboost,stage,slp04
N2,N2,slp04,1,xgboost,stage,slp04
N2,N2,slp04,1,xgboost,stage,slp04
N2,N2,slp04,1,xgboost,stage,slp04
N2,N2,slp04,1,xgboost,stage,slp04
N2,N2,slp04,1,xgboost,stage,slp04
N2,N2,slp04,1,xgboost,stage,slp04
N2,N2,slp04,1,xgboost,stage,slp04
N2,W,slp04,1,xgboost,stage,slp04
N2,N2,slp04,1,xgboost,stage,slp04
N2,N2,slp04,1,xgboost,stage,slp04
N2,N2,slp04,1,xgboost,stage,slp04
N2,N2,slp04,1,xgboost,stage,slp04
N2,N2,slp04,1,xgboost,stage,slp04
N2,N2,slp04,1,xgboost,stage,slp04
N2,W,slp04,1,xgboost,stage,slp04
N2,N2,slp04,1,xgboost,stage,slp04
N2,N2,slp04,1,xgboost,stage,slp04
N2,N2,slp04,1,xgboost,stage,slp04
N2,N2,slp04,1,xgboost,stage,slp04
N2,N2,slp04,1,xgboost,stage,slp04
N2,N2,slp04,1,xgboost,stage,slp04
N2,N2,slp04,1,xgboost,stage,slp04
N2,N2,slp04,1,xgboost,stage,slp04
N2,N2,slp04,1,xgboost,stage,slp04
N2,N2,slp04,1,xgboost,stage,slp04
N2,N2,slp04,1,xgboost,stage,slp04
N2,N2,slp04,1,xgboost,stage,slp04
N2,N2,slp04,1,xgboost,stage,slp04
N2,N2,slp04,1,xgboost,stage,slp04
N2,N2,slp04,1,xgboost,stage,slp04
N2,N2,slp04,1,xgboost,stage,slp04
N2,N2,slp04,1,xgboost,stage,slp04
N2,N2,slp04,1,xgboost,stage,slp04
N2,N2,slp04,1,xgboost,stage,slp04
N2,N2,slp04,1,xgboost,stage,slp04
N2,N2,slp04,1,xgboost,stage,slp04
N2,N2,slp04,1,xgboost,stage,slp04
N2,N2,slp04,1,xgboost,stage,slp04
N2,N2,slp04,1,xgboost,stage,slp04
N2,N2,slp04,1,xgboost,stage,slp04
N2,N2,slp04,1,xgboost,stage,slp04
N2,N2,slp04,1,xgboost,stage,slp04
N2,W,slp04,1,xgboost,stage,slp04
N2,N2,slp04,1,xgboost,stage,slp04
N2,N2,slp04,1,xgboost,stage,slp04
N2,N2,slp04,1,xgboost,stage,slp04
N2,N1,slp04,1,xgboost,stage,slp04
N2,N2,slp04,1,xgboost,stage,slp04
N2,N2,slp04,1,xgboost,stage,slp04
N2,N2,slp04,1,xgboost,stage,slp04
N2,N2,slp04,1,xgboost,stage,slp04
N2,N2,slp04,1,xgboost,stage,slp04
N2,N2,slp04,1,xgboost,stage,slp04
N2,N1,slp04,1,xgboost,stage,slp04
N2,N2,slp04,1,xgboost,stage,slp04
N2,N2,slp04,1,xgboost,stage,slp04
N2,N2,slp04,1,xgboost,stage,slp04
N2,N2,slp04,1,xgboost,stage,slp04
N2,N2,slp04,1,xgboost,stage,slp04
N2,N2,slp04,1,xgboost,stage,slp04
N2,N2,slp04,1,xgboost,stage,slp04
N2,N2,slp04,1,xgboost,stage,slp04
N2,N2,slp04,1,xgboost,stage,slp04
N2,N2,slp04,1,xgboost,stage,slp04
N2,N2,slp04,1,xgboost,stage,slp04
N2,N2,slp04,1,xgboost,stage,slp04
N2,N2,slp04,1,xgboost,stage,slp04
N2,N2,slp04,1,xgboost,stage,slp04
N2,N2,slp04,1,xgboost,stage,slp04
N2,N2,slp04,1,xgboost,stage,slp04
N2,N2,slp04,1,xgboost,stage,slp04
N2,N2,slp04,1,xgboost,stage,slp04
N2,N2,slp04,1,xgboost,stage,slp04
N2,N2,slp04,1,xgboost,stage,slp04
N2,N2,slp04,1,xgboost,stage,slp04
N2,N2,slp04,1,xgboost,stage,slp04
N2,N2,slp04,1,xgboost,stage,slp04
N2,N2,slp04,1,xgboost,stage,slp04
N2,N2,slp04,1,xgboost,stage,slp04
N2,N2,slp04,1,xgboost,stage,slp04
N2,W,slp04,1,xgboost,stage,slp04
N2,N2,slp04,1,xgboost,stage,slp04
N2,W,slp04,1,xgboost,stage,slp04
N2,N2,slp04,1,xgboost,stage,slp04
N2,N2,slp04,1,xgboost,stage,slp04
N2,N2,slp04,1,xgboost,stage,slp04
N2,W,slp04,1,xgboost,stage,slp04
W,W,slp04,1,xgboost,stage,slp04
W,W,slp04,1,xgboost,stage,slp04
W,W,slp04,1,xgboost,stage,slp04
N1,W,slp04,1,xgboost,stage,slp04
N1,N2,slp04,1,xgboost,stage,slp04
N2,N2,slp04,1,xgboost,stage,slp04
N2,N2,slp04,1,xgboost,stage,slp04
N2,N2,slp04,1,xgboost,stage,slp04
N2,W,slp04,1,xgboost,stage,slp04
N2,N1,slp04,1,xgboost,stage,slp04
N2,N2,slp04,1,xgboost,stage,slp04
N2,N1,slp04,1,xgboost,stage,slp04
N2,N2,slp04,1,xgboost,stage,slp04
N2,N1,slp04,1,xgboost,stage,slp04
N2,N2,slp04,1,xgboost,stage,slp04
N2,N1,slp04,1,xgboost,stage,slp04
N2,N2,slp04,1,xgboost,stage,slp04
N2,N1,slp04,1,xgboost,stage,slp04
N2,N2,slp04,1,xgboost,stage,slp04
N2,N2,slp04,1,xgboost,stage,slp04
N2,N2,slp04,1,xgboost,stage,slp04
N2,N2,slp04,1,xgboost,stage,slp04
N2,N1,slp04,1,xgboost,stage,slp04
N2,N2,slp04,1,xgboost,stage,slp04
N2,N2,slp04,1,xgboost,stage,slp04
N2,N2,slp04,1,xgboost,stage,slp04
N2,N2,slp04,1,xgboost,stage,slp04
N2,N2,slp04,1,xgboost,stage,slp04
N2,N2,slp04,1,xgboost,stage,slp04
N2,N2,slp04,1,xgboost,stage,slp04
N2,N2,slp04,1,xgboost,stage,slp04
N2,N2,slp04,1,xgboost,stage,slp04
N2,N2,slp04,1,xgboost,stage,slp04
N2,N2,slp04,1,xgboost,stage,slp04
N2,N2,slp04,1,xgboost,stage,slp04
N2,N2,slp04,1,xgboost,stage,slp04
N2,N2,slp04,1,xgboost,stage,slp04
N2,N2,slp04,1,xgboost,stage,slp04
N2,N2,slp04,1,xgboost,stage,slp04
N2,N2,slp04,1,xgboost,stage,slp04
N2,N2,slp04,1,xgboost,stage,slp04
N2,N2,slp04,1,xgboost,stage,slp04
N2,N2,slp04,1,xgboost,stage,slp04
N2,N2,slp04,1,xgboost,stage,slp04
N2,N2,slp04,1,xgboost,stage,slp04
N2,W,slp04,1,xgboost,stage,slp04
N2,N2,slp04,1,xgboost,stage,slp04
N2,N2,slp04,1,xgboost,stage,slp04
N2,N2,slp04,1,xgboost,stage,slp04
N2,N2,slp04,1,xgboost,stage,slp04
N2,N1,slp04,1,xgboost,stage,slp04
N2,N1,slp04,1,xgboost,stage,slp04
N2,N2,slp04,1,xgboost,stage,slp04
N2,N2,slp04,1,xgboost,stage,slp04
N2,N1,slp04,1,xgboost,stage,slp04
N2,N2,slp04,1,xgboost,stage,slp04
N2,W,slp04,1,xgboost,stage,slp04
REM,W,slp04,1,xgboost,stage,slp04
REM,W,slp04,1,xgboost,stage,slp04
W,W,slp04,1,xgboost,stage,slp04
W,W,slp04,1,xgboost,stage,slp04
W,W,slp04,1,xgboost,stage,slp04
W,W,slp04,1,xgboost,stage,slp04
W,W,slp04,1,xgboost,stage,slp04
W,W,slp04,1,xgboost,stage,slp04
W,W,slp04,1,xgboost,stage,slp04
W,W,slp04,1,xgboost,stage,slp04
W,W,slp04,1,xgboost,stage,slp04
W,W,slp04,1,xgboost,stage,slp04
W,W,slp04,1,xgboost,stage,slp04
W,W,slp04,1,xgboost,stage,slp04
W,W,slp04,1,xgboost,stage,slp04
W,W,slp04,1,xgboost,stage,slp04
W,W,slp04,1,xgboost,stage,slp04
W,W,slp04,1,xgboost,stage,slp04
W,W,slp04,1,xgboost,stage,slp04
W,W,slp04,1,xgboost,stage,slp04
W,W,slp04,1,xgboost,stage,slp04
W,W,slp04,1,xgboost,stage,slp04
W,W,slp04,1,xgboost,stage,slp04
W,W,slp04,1,xgboost,stage,slp04
W,W,slp04,1,xgboost,stage,slp04
W,W,slp04,1,xgboost,stage,slp04
W,W,slp04,1,xgboost,stage,slp04
W,W,slp04,1,xgboost,stage,slp04
W,W,slp04,1,xgboost,stage,slp04
N1,N1,slp04,1,xgboost,stage,slp04
N1,W,slp04,1,xgboost,stage,slp04
N1,W,slp04,1,xgboost,stage,slp04
W,W,slp04,1,xgboost,stage,slp04
W,W,slp04,1,xgboost,stage,slp04
W,W,slp04,1,xgboost,stage,slp04
W,W,slp04,1,xgboost,stage,slp04
W,W,slp04,1,xgboost,stage,slp04
W,W,slp04,1,xgboost,stage,slp04
W,W,slp04,1,xgboost,stage,slp04
W,W,slp04,1,xgboost,stage,slp04
W,W,slp04,1,xgboost,stage,slp04
W,W,slp04,1,xgboost,stage,slp04
W,W,slp04,1,xgboost,stage,slp04
W,W,slp04,1,xgboost,stage,slp04
W,W,slp04,1,xgboost,stage,slp04
W,W,slp04,1,xgboost,stage,slp04
W,W,slp04,1,xgboost,stage,slp04
W,W,slp04,1,xgboost,stage,slp04
W,W,slp04,1,xgboost,stage,slp04
W,W,slp04,1,xgboost,stage,slp04
W,W,slp04,1,xgboost,stage,slp04
W,N1,slp04,1,xgboost,stage,slp04
W,W,slp04,1,xgboost,stage,slp04
N1,W,slp04,1,xgboost,stage,slp04
W,W,slp04,1,xgboost,stage,slp04
W,W,slp04,1,xgboost,stage,slp04
W,W,slp04,1,xgboost,stage,slp04
W,W,slp04,1,xgboost,stage,slp04
W,W,slp04,1,xgboost,stage,slp04
W,W,slp04,1,xgboost,stage,slp04
W,W,slp04,1,xgboost,stage,slp04
W,W,slp04,1,xgboost,stage,slp04
W,W,slp04,1,xgboost,stage,slp04
W,W,slp04,1,xgboost,stage,slp04
W,W,slp04,1,xgboost,stage,slp04
W,W,slp04,1,xgboost,stage,slp04
W,W,slp04,1,xgboost,stage,slp04
W,W,slp04,1,xgboost,stage,slp04
W,W,slp04,1,xgboost,stage,slp04
W,W,slp04,1,xgboost,stage,slp04
W,W,slp04,1,xgboost,stage,slp04
W,W,slp04,1,xgboost,stage,slp04
W,W,slp04,1,xgboost,stage,slp04
W,W,slp04,1,xgboost,stage,slp04
W,W,slp04,1,xgboost,stage,slp04
W,W,slp04,1,xgboost,stage,slp04
W,W,slp04,1,xgboost,stage,slp04
W,W,slp04,1,xgboost,stage,slp04
W,W,slp04,1,xgboost,stage,slp04
W,W,slp04,1,xgboost,stage,slp04
W,W,slp04,1,xgboost,stage,slp04
W,W,slp04,1,xgboost,stage,slp04
W,W,slp04,1,xgboost,stage,slp04
W,W,slp04,1,xgboost,stage,slp04
W,W,slp04,1,xgboost,stage,slp04
W,W,slp04,1,xgboost,stage,slp04
W,W,slp04,1,xgboost,stage,slp04
W,W,slp04,1,xgboost,stage,slp04
W,W,slp04,1,xgboost,stage,slp04
W,W,slp04,1,xgboost,stage,slp04
W,W,slp04,1,xgboost,stage,slp04
W,W,slp04,1,xgboost,stage,slp04
W,W,slp04,1,xgboost,stage,slp04
W,W,slp04,1,xgboost,stage,slp04
W,W,slp04,1,xgboost,stage,slp04
W,W,slp04,1,xgboost,stage,slp04
W,W,slp04,1,xgboost,stage,slp04
W,W,slp04,1,xgboost,stage,slp04
W,W,slp04,1,xgboost,stage,slp04
W,W,slp04,1,xgboost,stage,slp04
W,W,slp04,1,xgboost,stage,slp04
W,W,slp04,1,xgboost,stage,slp04
W,W,slp04,1,xgboost,stage,slp04
W,W,slp04,1,xgboost,stage,slp04
N1,W,slp04,1,xgboost,stage,slp04
N1,N2,slp04,1,xgboost,stage,slp04
N1,N2,slp04,1,xgboost,stage,slp04
N1,W,slp04,1,xgboost,stage,slp04
N2,N2,slp04,1,xgboost,stage,slp04
N2,N2,slp04,1,xgboost,stage,slp04
N2,N2,slp04,1,xgboost,stage,slp04
N2,N2,slp04,1,xgboost,stage,slp04
N2,N2,slp04,1,xgboost,stage,slp04
N2,N1,slp04,1,xgboost,stage,slp04
N2,N2,slp04,1,xgboost,stage,slp04
N2,N2,slp04,1,xgboost,stage,slp04
N2,N2,slp04,1,xgboost,stage,slp04
N2,N2,slp04,1,xgboost,stage,slp04
N2,N1,slp04,1,xgboost,stage,slp04
N2,N2,slp04,1,xgboost,stage,slp04
N2,N1,slp04,1,xgboost,stage,slp04
N2,N2,slp04,1,xgboost,stage,slp04
N2,N2,slp04,1,xgboost,stage,slp04
N2,N2,slp04,1,xgboost,stage,slp04
N2,N2,slp04,1,xgboost,stage,slp04
N2,W,slp04,1,xgboost,stage,slp04
N2,W,slp04,1,xgboost,stage,slp04
N2,W,slp04,1,xgboost,stage,slp04
W,N2,slp04,1,xgboost,stage,slp04
W,N2,slp04,1,xgboost,stage,slp04
N1,N2,slp04,1,xgboost,stage,slp04
N2,N1,slp04,1,xgboost,stage,slp04
N2,N2,slp04,1,xgboost,stage,slp04
N2,N2,slp04,1,xgboost,stage,slp04
N2,N2,slp04,1,xgboost,stage,slp04
N2,N2,slp04,1,xgboost,stage,slp04
N2,N2,slp04,1,xgboost,stage,slp04
N2,N2,slp04,1,xgboost,stage,slp04
N2,N2,slp04,1,xgboost,stage,slp04
N2,N2,slp04,1,xgboost,stage,slp04
N2,N2,slp04,1,xgboost,stage,slp04
N2,N2,slp04,1,xgboost,stage,slp04
N2,N2,slp04,1,xgboost,stage,slp04
N2,N2,slp04,1,xgboost,stage,slp04
N2,W,slp04,1,xgboost,stage,slp04
N2,N2,slp04,1,xgboost,stage,slp04
N2,N2,slp04,1,xgboost,stage,slp04
N2,N2,slp04,1,xgboost,stage,slp04
N2,N2,slp04,1,xgboost,stage,slp04
N2,N2,slp04,1,xgboost,stage,slp04
N2,N2,slp04,1,xgboost,stage,slp04
N2,N2,slp04,1,xgboost,stage,slp04
N2,N2,slp04,1,xgboost,stage,slp04
N2,N2,slp04,1,xgboost,stage,slp04
N2,W,slp04,1,xgboost,stage,slp04
N2,W,slp04,1,xgboost,stage,slp04
N2,W,slp04,1,xgboost,stage,slp04
N1,N2,slp04,1,xgboost,stage,slp04
N1,W,slp04,1,xgboost,stage,slp04
N1,N2,slp04,1,xgboost,stage,slp04
N1,N2,slp04,1,xgboost,stage,slp04
N1,N2,slp04,1,xgboost,stage,slp04
N2,N2,slp04,1,xgboost,stage,slp04
N2,N2,slp04,1,xgboost,stage,slp04
N2,N2,slp04,1,xgboost,stage,slp04
N2,N2,slp04,1,xgboost,stage,slp04
N2,N2,slp04,1,xgboost,stage,slp04
N2,N2,slp04,1,xgboost,stage,slp04
N2,N2,slp04,1,xgboost,stage,slp04
N2,N2,slp04,1,xgboost,stage,slp04
N2,N2,slp04,1,xgboost,stage,slp04
N2,N2,slp04,1,xgboost,stage,slp04
N2,N2,slp04,1,xgboost,stage,slp04
N2,N2,slp04,1,xgboost,stage,slp04
N2,N2,slp04,1,xgboost,stage,slp04
N2,N2,slp04,1,xgboost,stage,slp04
N2,N2,slp04,1,xgboost,stage,slp04
N2,N2,slp04,1,xgboost,stage,slp04
N2,N2,slp04,1,xgboost,stage,slp04
N2,N2,slp04,1,xgboost,stage,slp04
N2,N3,slp04,1,xgboost,stage,slp04
N2,N3,slp04,1,xgboost,stage,slp04
N2,N2,slp04,1,xgboost,stage,slp04
N2,N2,slp04,1,xgboost,stage,slp04
N2,N3,slp04,1,xgboost,stage,slp04
N2,N3,slp04,1,xgboost,stage,slp04
N2,N3,slp04,1,xgboost,stage,slp04
N2,N2,slp04,1,xgboost,stage,slp04
N3,N3,slp04,1,xgboost,stage,slp04
N2,N3,slp04,1,xgboost,stage,slp04
N3,N2,slp04,1,xgboost,stage,slp04
N2,N3,slp04,1,xgboost,stage,slp04
N3,N3,slp04,1,xgboost,stage,slp04
N2,N3,slp04,1,xgboost,stage,slp04
N3,N3,slp04,1,xgboost,stage,slp04
N2,N2,slp04,1,xgboost,stage,slp04
N2,N3,slp04,1,xgboost,stage,slp04
N2,N3,slp04,1,xgboost,stage,slp04
N2,N3,slp04,1,xgboost,stage,slp04
N2,N3,slp04,1,xgboost,stage,slp04
N2,N2,slp04,1,xgboost,stage,slp04
N2,N3,slp04,1,xgboost,stage,slp04
N3,N3,slp04,1,xgboost,stage,slp04
N2,N3,slp04,1,xgboost,stage,slp04
N3,N3,slp04,1,xgboost,stage,slp04
N2,N3,slp04,1,xgboost,stage,slp04
N3,N3,slp04,1,xgboost,stage,slp04
N3,N2,slp04,1,xgboost,stage,slp04
N2,N2,slp04,1,xgboost,stage,slp04
N3,W,slp04,1,xgboost,stage,slp04
N3,W,slp04,1,xgboost,stage,slp04
N3,N1,slp04,1,xgboost,stage,slp04
N2,W,slp04,1,xgboost,stage,slp04
N2,W,slp04,1,xgboost,stage,slp04
N2,N1,slp04,1,xgboost,stage,slp04
W,N2,slp04,1,xgboost,stage,slp04
W,N2,slp04,1,xgboost,stage,slp04
N2,N2,slp04,1,xgboost,stage,slp04
N2,N1,slp04,1,xgboost,stage,slp04
N2,N2,slp04,1,xgboost,stage,slp04
N2,N2,slp04,1,xgboost,stage,slp04
N2,N2,slp04,1,xgboost,stage,slp04
N2,N2,slp04,1,xgboost,stage,slp04
N1,N2,slp04,1,xgboost,stage,slp04
N1,N2,slp04,1,xgboost,stage,slp04
N1,N2,slp04,1,xgboost,stage,slp04
N1,N2,slp04,1,xgboost,stage,slp04
N1,N2,slp04,1,xgboost,stage,slp04
N1,N2,slp04,1,xgboost,stage,slp04
N1,N2,slp04,1,xgboost,stage,slp04
N1,N2,slp04,1,xgboost,stage,slp04
N1,N2,slp04,1,xgboost,stage,slp04
N1,N2,slp04,1,xgboost,stage,slp04
N1,N2,slp04,1,xgboost,stage,slp04
N1,W,slp04,1,xgboost,stage,slp04
N1,N1,slp04,1,xgboost,stage,slp04
N1,N2,slp04,1,xgboost,stage,slp04
N1,N2,slp04,1,xgboost,stage,slp04
N1,W,slp04,1,xgboost,stage,slp04
N1,W,slp04,1,xgboost,stage,slp04
N1,W,slp04,1,xgboost,stage,slp04
N1,N2,slp04,1,xgboost,stage,slp04
W,N1,slp04,1,xgboost,stage,slp04
W,W,slp04,1,xgboost,stage,slp04
N1,N2,slp04,1,xgboost,stage,slp04
N2,N2,slp04,1,xgboost,stage,slp04
N2,N2,slp04,1,xgboost,stage,slp04
N2,N2,slp04,1,xgboost,stage,slp04
N2,N2,slp04,1,xgboost,stage,slp04
N2,N2,slp04,1,xgboost,stage,slp04
N2,N2,slp04,1,xgboost,stage,slp04
N2,N2,slp04,1,xgboost,stage,slp04
N2,N2,slp04,1,xgboost,stage,slp04
N2,N2,slp04,1,xgboost,stage,slp04
N2,N2,slp04,1,xgboost,stage,slp04
N2,N2,slp04,1,xgboost,stage,slp04
N2,N2,slp04,1,xgboost,stage,slp04
N2,N2,slp04,1,xgboost,stage,slp04
N2,N2,slp04,1,xgboost,stage,slp04
N2,N2,slp04,1,xgboost,stage,slp04
REM,W,slp04,1,xgboost,stage,slp04
REM,N1,slp04,1,xgboost,stage,slp04
REM,N2,slp04,1,xgboost,stage,slp04
REM,W,slp04,1,xgboost,stage,slp04
REM,N2,slp04,1,xgboost,stage,slp04
REM,N2,slp04,1,xgboost,stage,slp04
REM,N2,slp04,1,xgboost,stage,slp04
REM,W,slp04,1,xgboost,stage,slp04
REM,N1,slp04,1,xgboost,stage,slp04
REM,N2,slp04,1,xgboost,stage,slp04
REM,N2,slp04,1,xgboost,stage,slp04
REM,N2,slp04,1,xgboost,stage,slp04
REM,N2,slp04,1,xgboost,stage,slp04
REM,N2,slp04,1,xgboost,stage,slp04
REM,W,slp04,1,xgboost,stage,slp04
REM,W,slp04,1,xgboost,stage,slp04
REM,W,slp04,1,xgboost,stage,slp04
W,W,slp04,1,xgboost,stage,slp04
W,N1,slp04,1,xgboost,stage,slp04
N1,W,slp04,1,xgboost,stage,slp04
N1,N2,slp04,1,xgboost,stage,slp04
N2,N2,slp04,1,xgboost,stage,slp04
N2,N2,slp04,1,xgboost,stage,slp04
N2,N2,slp04,1,xgboost,stage,slp04
N2,N2,slp04,1,xgboost,stage,slp04
N2,N2,slp04,1,xgboost,stage,slp04
N2,N2,slp04,1,xgboost,stage,slp04
N2,N2,slp04,1,xgboost,stage,slp04
N2,N2,slp04,1,xgboost,stage,slp04
N2,N1,slp04,1,xgboost,stage,slp04
REM,W,slp04,1,xgboost,stage,slp04
REM,W,slp04,1,xgboost,stage,slp04
REM,N2,slp04,1,xgboost,stage,slp04
REM,N2,slp04,1,xgboost,stage,slp04
N1,N2,slp04,1,xgboost,stage,slp04
N2,N2,slp04,1,xgboost,stage,slp04
N2,N2,slp04,1,xgboost,stage,slp04
N2,N2,slp04,1,xgboost,stage,slp04
N2,N2,slp04,1,xgboost,stage,slp04
N2,N2,slp04,1,xgboost,stage,slp04
N2,N2,slp04,1,xgboost,stage,slp04
N2,N1,slp04,1,xgboost,stage,slp04
N2,N2,slp04,1,xgboost,stage,slp04
N2,N2,slp04,1,xgboost,stage,slp04
N2,N2,slp04,1,xgboost,stage,slp04
N2,N2,slp04,1,xgboost,stage,slp04
N2,N2,slp04,1,xgboost,stage,slp04
N2,N2,slp04,1,xgboost,stage,slp04
N2,N2,slp04,1,xgboost,stage,slp04
N2,N2,slp04,1,xgboost,stage,slp04
N2,N2,slp04,1,xgboost,stage,slp04
N2,N2,slp04,1,xgboost,stage,slp04
N2,N2,slp04,1,xgboost,stage,slp04
N2,N2,slp04,1,xgboost,stage,slp04
N2,N2,slp04,1,xgboost,stage,slp04
N2,N1,slp04,1,xgboost,stage,slp04
N2,N2,slp04,1,xgboost,stage,slp04
N2,N2,slp04,1,xgboost,stage,slp04
N2,N2,slp04,1,xgboost,stage,slp04
N2,N2,slp04,1,xgboost,stage,slp04
N2,N2,slp04,1,xgboost,stage,slp04
N2,N2,slp04,1,xgboost,stage,slp04
N2,N2,slp04,1,xgboost,stage,slp04
N2,N2,slp04,1,xgboost,stage,slp04
N2,N2,slp04,1,xgboost,stage,slp04
N2,N2,slp04,1,xgboost,stage,slp04
N2,N2,slp04,1,xgboost,stage,slp04
N2,N1,slp04,1,xgboost,stage,slp04
N2,N2,slp04,1,xgboost,stage,slp04
N2,N2,slp04,1,xgboost,stage,slp04
N2,N2,slp04,1,xgboost,stage,slp04
N2,N2,slp04,1,xgboost,stage,slp04
N2,N2,slp04,1,xgboost,stage,slp04
N2,N2,slp04,1,xgboost,stage,slp04
N2,N2,slp04,1,xgboost,stage,slp04
N2,N1,slp04,1,xgboost,stage,slp04
N2,W,slp04,1,xgboost,stage,slp04
N2,W,slp04,1,xgboost,stage,slp04
N2,W,slp04,1,xgboost,stage,slp04
W,W,slp04,1,xgboost,stage,slp04
W,W,slp04,1,xgboost,stage,slp04
W,W,slp04,1,xgboost,stage,slp04
W,W,slp04,1,xgboost,stage,slp04
W,W,slp04,1,xgboost,stage,slp04
W,W,slp04,1,xgboost,stage,slp04
W,W,slp04,1,xgboost,stage,slp04
W,W,slp04,1,xgboost,stage,slp04
W,W,slp59,1,xgboost,stage,slp59
W,W,slp59,1,xgboost,stage,slp59
W,W,slp59,1,xgboost,stage,slp59
W,W,slp59,1,xgboost,stage,slp59
W,W,slp59,1,xgboost,stage,slp59
W,W,slp59,1,xgboost,stage,slp59
W,W,slp59,1,xgboost,stage,slp59
W,W,slp59,1,xgboost,stage,slp59
W,N1,slp59,1,xgboost,stage,slp59
W,W,slp59,1,xgboost,stage,slp59
W,W,slp59,1,xgboost,stage,slp59
W,W,slp59,1,xgboost,stage,slp59
W,W,slp59,1,xgboost,stage,slp59
W,W,slp59,1,xgboost,stage,slp59
W,W,slp59,1,xgboost,stage,slp59
W,W,slp59,1,xgboost,stage,slp59
W,W,slp59,1,xgboost,stage,slp59
W,W,slp59,1,xgboost,stage,slp59
W,W,slp59,1,xgboost,stage,slp59
W,N1,slp59,1,xgboost,stage,slp59
W,W,slp59,1,xgboost,stage,slp59
W,W,slp59,1,xgboost,stage,slp59
W,W,slp59,1,xgboost,stage,slp59
W,W,slp59,1,xgboost,stage,slp59
W,W,slp59,1,xgboost,stage,slp59
W,W,slp59,1,xgboost,stage,slp59
W,W,slp59,1,xgboost,stage,slp59
W,W,slp59,1,xgboost,stage,slp59
W,W,slp59,1,xgboost,stage,slp59
W,W,slp59,1,xgboost,stage,slp59
W,W,slp59,1,xgboost,stage,slp59
W,W,slp59,1,xgboost,stage,slp59
W,W,slp59,1,xgboost,stage,slp59
W,W,slp59,1,xgboost,stage,slp59
W,W,slp59,1,xgboost,stage,slp59
W,W,slp59,1,xgboost,stage,slp59
N1,W,slp59,1,xgboost,stage,slp59
W,N1,slp59,1,xgboost,stage,slp59
N1,W,slp59,1,xgboost,stage,slp59
N1,W,slp59,1,xgboost,stage,slp59
N1,N1,slp59,1,xgboost,stage,slp59
W,N1,slp59,1,xgboost,stage,slp59
N1,N2,slp59,1,xgboost,stage,slp59
N1,W,slp59,1,xgboost,stage,slp59
W,W,slp59,1,xgboost,stage,slp59
N1,N2,slp59,1,xgboost,stage,slp59
W,N2,slp59,1,xgboost,stage,slp59
W,N2,slp59,1,xgboost,stage,slp59
N1,N2,slp59,1,xgboost,stage,slp59
N1,N2,slp59,1,xgboost,stage,slp59
N1,N2,slp59,1,xgboost,stage,slp59
N1,N2,slp59,1,xgboost,stage,slp59
N1,N2,slp59,1,xgboost,stage,slp59
N1,N2,slp59,1,xgboost,stage,slp59
N2,N2,slp59,1,xgboost,stage,slp59
N1,N2,slp59,1,xgboost,stage,slp59
N1,N2,slp59,1,xgboost,stage,slp59
N1,N2,slp59,1,xgboost,stage,slp59
N1,N2,slp59,1,xgboost,stage,slp59
N1,N2,slp59,1,xgboost,stage,slp59
N1,N2,slp59,1,xgboost,stage,slp59
N2,N2,slp59,1,xgboost,stage,slp59
N2,N2,slp59,1,xgboost,stage,slp59
N1,N2,slp59,1,xgboost,stage,slp59
N1,N2,slp59,1,xgboost,stage,slp59
N1,N2,slp59,1,xgboost,stage,slp59
N1,N2,slp59,1,xgboost,stage,slp59
N1,N2,slp59,1,xgboost,stage,slp59
N1,N2,slp59,1,xgboost,stage,slp59
N1,N2,slp59,1,xgboost,stage,slp59
N1,N2,slp59,1,xgboost,stage,slp59
N1,N2,slp59,1,xgboost,stage,slp59
N1,N2,slp59,1,xgboost,stage,slp59
N1,W,slp59,1,xgboost,stage,slp59
N1,N1,slp59,1,xgboost,stage,slp59
N1,N2,slp59,1,xgboost,stage,slp59
W,N2,slp59,1,xgboost,stage,slp59
N1,N1,slp59,1,xgboost,stage,slp59
N1,N2,slp59,1,xgboost,stage,slp59
N1,N2,slp59,1,xgboost,stage,slp59
N1,N2,slp59,1,xgboost,stage,slp59
N1,W,slp59,1,xgboost,stage,slp59
N1,N2,slp59,1,xgboost,stage,slp59
N1,N2,slp59,1,xgboost,stage,slp59
W,N2,slp59,1,xgboost,stage,slp59
W,N1,slp59,1,xgboost,stage,slp59
N1,N1,slp59,1,xgboost,stage,slp59
N1,N2,slp59,1,xgboost,stage,slp59
N1,N2,slp59,1,xgboost,stage,slp59
N1,N2,slp59,1,xgboost,stage,slp59
N1,N2,slp59,1,xgboost,stage,slp59
N1,N2,slp59,1,xgboost,stage,slp59
N1,N2,slp59,1,xgboost,stage,slp59
N1,W,slp59,1,xgboost,stage,slp59
N1,W,slp59,1,xgboost,stage,slp59
N1,W,slp59,1,xgboost,stage,slp59
W,W,slp59,1,xgboost,stage,slp59
W,W,slp59,1,xgboost,stage,slp59
W,W,slp59,1,xgboost,stage,slp59
W,W,slp59,1,xgboost,stage,slp59
W,W,slp59,1,xgboost,stage,slp59
W,W,slp59,1,xgboost,stage,slp59
W,W,slp59,1,xgboost,stage,slp59
W,W,slp59,1,xgboost,stage,slp59
W,W,slp59,1,xgboost,stage,slp59
W,W,slp59,1,xgboost,stage,slp59
W,W,slp59,1,xgboost,stage,slp59
W,W,slp59,1,xgboost,stage,slp59
W,W,slp59,1,xgboost,stage,slp59
W,W,slp59,1,xgboost,stage,slp59
W,W,slp59,1,xgboost,stage,slp59
W,W,slp59,1,xgboost,stage,slp59
W,W,slp59,1,xgboost,stage,slp59
W,W,slp59,1,xgboost,stage,slp59
W,W,slp59,1,xgboost,stage,slp59
W,W,slp59,1,xgboost,stage,slp59
W,W,slp59,1,xgboost,stage,slp59
W,W,slp59,1,xgboost,stage,slp59
W,W,slp59,1,xgboost,stage,slp59
W,W,slp59,1,xgboost,stage,slp59
W,W,slp59,1,xgboost,stage,slp59
W,W,slp59,1,xgboost,stage,slp59
W,W,slp59,1,xgboost,stage,slp59
W,W,slp59,1,xgboost,stage,slp59
W,W,slp59,1,xgboost,stage,slp59
N1,N1,slp59,1,xgboost,stage,slp59
W,W,slp59,1,xgboost,stage,slp59
W,W,slp59,1,xgboost,stage,slp59
W,W,slp59,1,xgboost,stage,slp59
N1,N2,slp59,1,xgboost,stage,slp59
W,W,slp59,1,xgboost,stage,slp59
N1,N1,slp59,1,xgboost,stage,slp59
N1,N2,slp59,1,xgboost,stage,slp59
W,N1,slp59,1,xgboost,stage,slp59
W,N2,slp59,1,xgboost,stage,slp59
N1,W,slp59,1,xgboost,stage,slp59
N1,N2,slp59,1,xgboost,stage,slp59
N1,N2,slp59,1,xgboost,stage,slp59
REM,N2,slp59,1,xgboost,stage,slp59
N1,N2,slp59,1,xgboost,stage,slp59
N1,N2,slp59,1,xgboost,stage,slp59
N1,N2,slp59,1,xgboost,stage,slp59
N1,N2,slp59,1,xgboost,stage,slp59
N1,N2,slp59,1,xgboost,stage,slp59
REM,N2,slp59,1,xgboost,stage,slp59
REM,N2,slp59,1,xgboost,stage,slp59
N1,N2,slp59,1,xgboost,stage,slp59
N2,N2,slp59,1,xgboost,stage,slp59
N1,N2,slp59,1,xgboost,stage,slp59
N1,N2,slp59,1,xgboost,stage,slp59
N1,W,slp59,1,xgboost,stage,slp59
N1,W,slp59,1,xgboost,stage,slp59
N2,W,slp59,1,xgboost,stage,slp59
W,N2,slp59,1,xgboost,stage,slp59
W,W,slp59,1,xgboost,stage,slp59
N1,N2,slp59,1,xgboost,stage,slp59
N1,N2,slp59,1,xgboost,stage,slp59
W,N2,slp59,1,xgboost,stage,slp59
REM,N2,slp59,1,xgboost,stage,slp59
REM,N2,slp59,1,xgboost,stage,slp59
N1,N2,slp59,1,xgboost,stage,slp59
REM,N2,slp59,1,xgboost,stage,slp59
REM,N2,slp59,1,xgboost,stage,slp59
N1,N2,slp59,1,xgboost,stage,slp59
N2,N2,slp59,1,xgboost,stage,slp59
N2,N2,slp59,1,xgboost,stage,slp59
N2,N2,slp59,1,xgboost,stage,slp59
N2,N2,slp59,1,xgboost,stage,slp59
N2,N2,slp59,1,xgboost,stage,slp59
N1,N2,slp59,1,xgboost,stage,slp59
N2,N2,slp59,1,xgboost,stage,slp59
N2,N2,slp59,1,xgboost,stage,slp59
N1,N2,slp59,1,xgboost,stage,slp59
N1,N2,slp59,1,xgboost,stage,slp59
N1,N2,slp59,1,xgboost,stage,slp59
N2,N2,slp59,1,xgboost,stage,slp59
N2,N2,slp59,1,xgboost,stage,slp59
N2,N2,slp59,1,xgboost,stage,slp59
N2,N2,slp59,1,xgboost,stage,slp59
N2,N2,slp59,1,xgboost,stage,slp59
N1,N2,slp59,1,xgboost,stage,slp59
N2,N2,slp59,1,xgboost,stage,slp59
N2,N2,slp59,1,xgboost,stage,slp59
N2,N2,slp59,1,xgboost,stage,slp59
N2,N2,slp59,1,xgboost,stage,slp59
N2,N2,slp59,1,xgboost,stage,slp59
N2,N2,slp59,1,xgboost,stage,slp59
N2,N2,slp59,1,xgboost,stage,slp59
N2,N2,slp59,1,xgboost,stage,slp59
N2,N2,slp59,1,xgboost,stage,slp59
N2,N3,slp59,1,xgboost,stage,slp59
N2,N2,slp59,1,xgboost,stage,slp59
N2,N3,slp59,1,xgboost,stage,slp59
N2,N3,slp59,1,xgboost,stage,slp59
N3,N3,slp59,1,xgboost,stage,slp59
N3,N3,slp59,1,xgboost,stage,slp59
N3,N3,slp59,1,xgboost,stage,slp59
N3,N3,slp59,1,xgboost,stage,slp59
N3,N3,slp59,1,xgboost,stage,slp59
N3,N3,slp59,1,xgboost,stage,slp59
N3,N3,slp59,1,xgboost,stage,slp59
N3,N3,slp59,1,xgboost,stage,slp59
N3,N3,slp59,1,xgboost,stage,slp59
N3,N3,slp59,1,xgboost,stage,slp59
N3,N3,slp59,1,xgboost,stage,slp59
N3,N3,slp59,1,xgboost,stage,slp59
N3,N3,slp59,1,xgboost,stage,slp59
N3,N3,slp59,1,xgboost,stage,slp59
N3,N3,slp59,1,xgboost,stage,slp59
N3,N3,slp59,1,xgboost,stage,slp59
N3,N3,slp59,1,xgboost,stage,slp59
N3,N3,slp59,1,xgboost,stage,slp59
N3,N3,slp59,1,xgboost,stage,slp59
N3,N3,slp59,1,xgboost,stage,slp59
N3,N3,slp59,1,xgboost,stage,slp59
N3,N2,slp59,1,xgboost,stage,slp59
N3,N2,slp59,1,xgboost,stage,slp59
N3,W,slp59,1,xgboost,stage,slp59
N3,W,slp59,1,xgboost,stage,slp59
N3,W,slp59,1,xgboost,stage,slp59
N1,W,slp59,1,xgboost,stage,slp59
W,W,slp59,1,xgboost,stage,slp59
W,W,slp59,1,xgboost,stage,slp59
W,W,slp59,1,xgboost,stage,slp59
W,W,slp59,1,xgboost,stage,slp59
W,W,slp59,1,xgboost,stage,slp59
W,W,slp59,1,xgboost,stage,slp59
W,W,slp59,1,xgboost,stage,slp59
W,W,slp59,1,xgboost,stage,slp59
W,N2,slp59,1,xgboost,stage,slp59
W,W,slp59,1,xgboost,stage,slp59
W,W,slp59,1,xgboost,stage,slp59
W,W,slp59,1,xgboost,stage,slp59
W,W,slp59,1,xgboost,stage,slp59
W,W,slp59,1,xgboost,stage,slp59
W,N1,slp59,1,xgboost,stage,slp59
W,N2,slp59,1,xgboost,stage,slp59
W,N1,slp59,1,xgboost,stage,slp59
W,N2,slp59,1,xgboost,stage,slp59
W,W,slp59,1,xgboost,stage,slp59
N1,W,slp59,1,xgboost,stage,slp59
N1,W,slp59,1,xgboost,stage,slp59
N1,W,slp59,1,xgboost,stage,slp59
W,W,slp59,1,xgboost,stage,slp59
W,W,slp59,1,xgboost,stage,slp59
W,W,slp59,1,xgboost,stage,slp59
W,W,slp59,1,xgboost,stage,slp59
W,W,slp59,1,xgboost,stage,slp59
W,W,slp59,1,xgboost,stage,slp59
W,W,slp59,1,xgboost,stage,slp59
W,W,slp59,1,xgboost,stage,slp59
W,W,slp59,1,xgboost,stage,slp59
W,W,slp59,1,xgboost,stage,slp59
W,W,slp59,1,xgboost,stage,slp59
W,W,slp59,1,xgboost,stage,slp59
W,N1,slp59,1,xgboost,stage,slp59
W,W,slp59,1,xgboost,stage,slp59
W,W,slp59,1,xgboost,stage,slp59
W,W,slp59,1,xgboost,stage,slp59
N1,N1,slp59,1,xgboost,stage,slp59
W,N2,slp59,1,xgboost,stage,slp59
W,N1,slp59,1,xgboost,stage,slp59
W,N1,slp59,1,xgboost,stage,slp59
N1,N2,slp59,1,xgboost,stage,slp59
N1,N2,slp59,1,xgboost,stage,slp59
N1,N2,slp59,1,xgboost,stage,slp59
W,N2,slp59,1,xgboost,stage,slp59
N1,N2,slp59,1,xgboost,stage,slp59
N1,N2,slp59,1,xgboost,stage,slp59
N1,N2,slp59,1,xgboost,stage,slp59
N2,N2,slp59,1,xgboost,stage,slp59
N2,N2,slp59,1,xgboost,stage,slp59
N2,N2,slp59,1,xgboost,stage,slp59
N2,N2,slp59,1,xgboost,stage,slp59
N2,N2,slp59,1,xgboost,stage,slp59
N2,N2,slp59,1,xgboost,stage,slp59
N2,N2,slp59,1,xgboost,stage,slp59
N2,N2,slp59,1,xgboost,stage,slp59
N2,N2,slp59,1,xgboost,stage,slp59
N2,N2,slp59,1,xgboost,stage,slp59
N2,N2,slp59,1,xgboost,stage,slp59
N2,N2,slp59,1,xgboost,stage,slp59
N2,N2,slp59,1,xgboost,stage,slp59
N2,N1,slp59,1,xgboost,stage,slp59
N2,N1,slp59,1,xgboost,stage,slp59
N2,W,slp59,1,xgboost,stage,slp59
N2,N2,slp59,1,xgboost,stage,slp59
REM,N2,slp59,1,xgboost,stage,slp59
REM,N2,slp59,1,xgboost,stage,slp59
REM,N2,slp59,1,xgboost,stage,slp59
REM,N2,slp59,1,xgboost,stage,slp59
REM,N2,slp59,1,xgboost,stage,slp59
REM,N2,slp59,1,xgboost,stage,slp59
REM,N2,slp59,1,xgboost,stage,slp59
REM,N2,slp59,1,xgboost,stage,slp59
REM,N2,slp59,1,xgboost,stage,slp59
REM,N2,slp59,1,xgboost,stage,slp59
REM,N2,slp59,1,xgboost,stage,slp59
REM,N2,slp59,1,xgboost,stage,slp59
REM,N2,slp59,1,xgboost,stage,slp59
REM,N2,slp59,1,xgboost,stage,slp59
REM,N2,slp59,1,xgboost,stage,slp59
REM,N2,slp59,1,xgboost,stage,slp59
REM,N2,slp59,1,xgboost,stage,slp59
REM,N2,slp59,1,xgboost,stage,slp59
REM,N2,slp59,1,xgboost,stage,slp59
REM,N2,slp59,1,xgboost,stage,slp59
REM,N2,slp59,1,xgboost,stage,slp59
REM,N1,slp59,1,xgboost,stage,slp59
REM,N2,slp59,1,xgboost,stage,slp59
REM,N1,slp59,1,xgboost,stage,slp59
REM,W,slp59,1,xgboost,stage,slp59
REM,W,slp59,1,xgboost,stage,slp59
REM,W,slp59,1,xgboost,stage,slp59
REM,N1,slp59,1,xgboost,stage,slp59
W,W,slp59,1,xgboost,stage,slp59
W,N2,slp59,1,xgboost,stage,slp59
W,W,slp59,1,xgboost,stage,slp59
W,N1,slp59,1,xgboost,stage,slp59
W,N1,slp59,1,xgboost,stage,slp59
N1,N1,slp59,1,xgboost,stage,slp59
W,W,slp59,1,xgboost,stage,slp59
W,W,slp59,1,xgboost,stage,slp59
W,N2,slp59,1,xgboost,stage,slp59
W,N2,slp59,1,xgboost,stage,slp59
W,W,slp59,1,xgboost,stage,slp59
W,W,slp59,1,xgboost,stage,slp59
W,W,slp59,1,xgboost,stage,slp59
N1,N1,slp59,1,xgboost,stage,slp59
N1,N2,slp59,1,xgboost,stage,slp59
W,W,slp59,1,xgboost,stage,slp59
W,N1,slp59,1,xgboost,stage,slp59
W,W,slp59,1,xgboost,stage,slp59
N1,N1,slp59,1,xgboost,stage,slp59
W,N2,slp59,1,xgboost,stage,slp59
W,N2,slp59,1,xgboost,stage,slp59
N1,N2,slp59,1,xgboost,stage,slp59
N1,N2,slp59,1,xgboost,stage,slp59
N1,N2,slp59,1,xgboost,stage,slp59
N1,N2,slp59,1,xgboost,stage,slp59
N2,N2,slp59,1,xgboost,stage,slp59
N2,N2,slp59,1,xgboost,stage,slp59
N2,N2,slp59,1,xgboost,stage,slp59
N2,N2,slp59,1,xgboost,stage,slp59
N2,N2,slp59,1,xgboost,stage,slp59
N2,N2,slp59,1,xgboost,stage,slp59
N2,N2,slp59,1,xgboost,stage,slp59
N2,N2,slp59,1,xgboost,stage,slp59
N2,N2,slp59,1,xgboost,stage,slp59
N2,N2,slp59,1,xgboost,stage,slp59
N2,N2,slp59,1,xgboost,stage,slp59
N2,N2,slp59,1,xgboost,stage,slp59
N2,N3,slp59,1,xgboost,stage,slp59
N2,N2,slp59,1,xgboost,stage,slp59
N2,N2,slp59,1,xgboost,stage,slp59
N2,N2,slp59,1,xgboost,stage,slp59
N2,N2,slp59,1,xgboost,stage,slp59
N2,N2,slp59,1,xgboost,stage,slp59
N2,N3,slp59,1,xgboost,stage,slp59
N2,N2,slp59,1,xgboost,stage,slp59
N3,N2,slp59,1,xgboost,stage,slp59
N3,N3,slp59,1,xgboost,stage,slp59
N3,N3,slp59,1,xgboost,stage,slp59
N3,N2,slp59,1,xgboost,stage,slp59
N3,N3,slp59,1,xgboost,stage,slp59
N3,N3,slp59,1,xgboost,stage,slp59
N3,N3,slp59,1,xgboost,stage,slp59
N3,N3,slp59,1,xgboost,stage,slp59
N3,N3,slp59,1,xgboost,stage,slp59
N3,N3,slp59,1,xgboost,stage,slp59
N3,N3,slp59,1,xgboost,stage,slp59
N3,N3,slp59,1,xgboost,stage,slp59
N3,N3,slp59,1,xgboost,stage,slp59
N3,N3,slp59,1,xgboost,stage,slp59
N3,N3,slp59,1,xgboost,stage,slp59
N3,N3,slp59,1,xgboost,stage,slp59
N3,N3,slp59,1,xgboost,stage,slp59
N3,N3,slp59,1,xgboost,stage,slp59
N3,N3,slp59,1,xgboost,stage,slp59
N3,N3,slp59,1,xgboost,stage,slp59
N3,N3,slp59,1,xgboost,stage,slp59
N3,N3,slp59,1,xgboost,stage,slp59
N3,N3,slp59,1,xgboost,stage,slp59
N3,N3,slp59,1,xgboost,stage,slp59
N3,N3,slp59,1,xgboost,stage,slp59
N3,N3,slp59,1,xgboost,stage,slp59
N3,N3,slp59,1,xgboost,stage,slp59
N3,N3,slp59,1,xgboost,stage,slp59
N3,N3,slp59,1,xgboost,stage,slp59
N3,N3,slp59,1,xgboost,stage,slp59
N3,N3,slp59,1,xgboost,stage,slp59
N3,N3,slp59,1,xgboost,stage,slp59
N3,N3,slp59,1,xgboost,stage,slp59
N3,N3,slp59,1,xgboost,stage,slp59
N3,N3,slp59,1,xgboost,stage,slp59
N3,N3,slp59,1,xgboost,stage,slp59
N3,N3,slp59,1,xgboost,stage,slp59
N3,N2,slp59,1,xgboost,stage,slp59
N3,N2,slp59,1,xgboost,stage,slp59
N3,N2,slp59,1,xgboost,stage,slp59
N3,N2,slp59,1,xgboost,stage,slp59
N2,N2,slp59,1,xgboost,stage,slp59
N1,N2,slp59,1,xgboost,stage,slp59
N1,N2,slp59,1,xgboost,stage,slp59
N2,N2,slp59,1,xgboost,stage,slp59
N2,N2,slp59,1,xgboost,stage,slp59
N2,N2,slp59,1,xgboost,stage,slp59
N2,N2,slp59,1,xgboost,stage,slp59
N2,N2,slp59,1,xgboost,stage,slp59
N2,N2,slp59,1,xgboost,stage,slp59
N2,N2,slp59,1,xgboost,stage,slp59
N2,N3,slp59,1,xgboost,stage,slp59
N2,N2,slp59,1,xgboost,stage,slp59
N2,N3,slp59,1,xgboost,stage,slp59
N2,N3,slp59,1,xgboost,stage,slp59
N2,N3,slp59,1,xgboost,stage,slp59
N3,N3,slp59,1,xgboost,stage,slp59
N2,N3,slp59,1,xgboost,stage,slp59
N3,N3,slp59,1,xgboost,stage,slp59
N3,N3,slp59,1,xgboost,stage,slp59
N3,N3,slp59,1,xgboost,stage,slp59
N3,N3,slp59,1,xgboost,stage,slp59
N3,N3,slp59,1,xgboost,stage,slp59
N3,N3,slp59,1,xgboost,stage,slp59
N3,N3,slp59,1,xgboost,stage,slp59
N3,N2,slp59,1,xgboost,stage,slp59
N3,N2,slp59,1,xgboost,stage,slp59
N3,N2,slp59,1,xgboost,stage,slp59
N3,N2,slp59,1,xgboost,stage,slp59
N3,N2,slp59,1,xgboost,stage,slp59
N2,N2,slp59,1,xgboost,stage,slp59
W,N2,slp59,1,xgboost,stage,slp59
N1,N2,slp59,1,xgboost,stage,slp59
N1,N2,slp59,1,xgboost,stage,slp59
N1,N2,slp59,1,xgboost,stage,slp59
N1,N2,slp59,1,xgboost,stage,slp59
N1,N2,slp59,1,xgboost,stage,slp59
N1,N2,slp59,1,xgboost,stage,slp59
N1,N2,slp59,1,xgboost,stage,slp59
N1,N2,slp59,1,xgboost,stage,slp59
N1,N2,slp59,1,xgboost,stage,slp59
N2,N2,slp59,1,xgboost,stage,slp59
N2,N2,slp59,1,xgboost,stage,slp59
W,N2,slp59,1,xgboost,stage,slp59
N2,N2,slp59,1,xgboost,stage,slp59
N2,N2,slp59,1,xgboost,stage,slp59
N2,N2,slp59,1,xgboost,stage,slp59
N2,N2,slp59,1,xgboost,stage,slp59
N2,N2,slp59,1,xgboost,stage,slp59
N2,N2,slp59,1,xgboost,stage,slp59
N2,N2,slp59,1,xgboost,stage,slp59
N2,N2,slp59,1,xgboost,stage,slp59
N2,N2,slp59,1,xgboost,stage,slp59
N2,N2,slp59,1,xgboost,stage,slp59
N2,N2,slp59,1,xgboost,stage,slp59
N2,N1,slp59,1,xgboost,stage,slp59
N2,N1,slp59,1,xgboost,stage,slp59
N2,N2,slp59,1,xgboost,stage,slp59
