y_true,y_pred,y_score,subject_id,fold_id,model,task,recording_id
0,1,0.64314735,slp01b,1,xgboost,apnea,slp01b
0,1,0.7666068,slp01b,1,xgboost,apnea,slp01b
0,1,0.65533686,slp01b,1,xgboost,apnea,slp01b
0,1,0.72900385,slp01b,1,xgboost,apnea,slp01b
0,1,0.60238206,slp01b,1,xgboost,apnea,slp01b
0,1,0.78942865,slp01b,1,xgboost,apnea,slp01b
0,1,0.7620873,slp01b,1,xgboost,apnea,slp01b
0,1,0.7415766,slp01b,1,xgboost,apnea,slp01b
0,1,0.58745253,slp01b,1,xgboost,apnea,slp01b
0,0,0.44147846,slp01b,1,xgboost,apnea,slp01b
0,0,0.2350044,slp01b,1,xgboost,apnea,slp01b
0,1,0.552615,slp01b,1,xgboost,apnea,slp01b
0,1,0.68829215,slp01b,1,xgboost,apnea,slp01b
0,0,0.38491055,slp01b,1,xgboost,apnea,slp01b
0,1,0.6571628,slp01b,1,xgboost,apnea,slp01b
0,1,0.6382948,slp01b,1,xgboost,apnea,slp01b
0,1,0.6502064,slp01b,1,xgboost,apnea,slp01b
0,1,0.6264178,slp01b,1,xgboost,apnea,slp01b
0,1,0.5443368,slp01b,1,xgboost,apnea,slp01b
0,1,0.561294,slp01b,1,xgboost,apnea,slp01b
0,0,0.4544264,slp01b,1,xgboost,apnea,slp01b
0,0,0.4617909,slp01b,1,xgboost,apnea,slp01b
0,0,0.3836797,slp01b,1,xgboost,apnea,slp01b
0,0,0.3141497,slp01b,1,xgboost,apnea,slp01b
0,0,0.4105566,slp01b,1,xgboost,apnea,slp01b
0,0,0.1796569,slp01b,1,xgboost,apnea,slp01b
0,0,0.30653077,slp01b,1,xgboost,apnea,slp01b
0,0,0.2701176,slp01b,1,xgboost,apnea,slp01b
0,0,0.32441786,slp01b,1,xgboost,apnea,slp01b
0,0,0.18219584,slp01b,1,xgboost,apnea,slp01b
0,0,0.19731142,slp01b,1,xgboost,apnea,slp01b
0,0,0.37645787,slp01b,1,xgboost,apnea,slp01b
0,0,0.30065364,slp01b,1,xgboost,apnea,slp01b
0,0,0.20314866,slp01b,1,xgboost,apnea,slp01b
0,0,0.43450364,slp01b,1,xgboost,apnea,slp01b
0,0,0.4585096,slp01b,1,xgboost,apnea,slp01b
0,0,0.2281312,slp01b,1,xgboost,apnea,slp01b
0,0,0.42957172,slp01b,1,xgboost,apnea,slp01b
0,0,0.2209315,slp01b,1,xgboost,apnea,slp01b
0,0,0.19043796,slp01b,1,xgboost,apnea,slp01b
0,0,0.30370268,slp01b,1,xgboost,apnea,slp01b
0,0,0.41373026,slp01b,1,xgboost,apnea,slp01b
0,0,0.46699214,slp01b,1,xgboost,apnea,slp01b
0,0,0.30472237,slp01b,1,xgboost,apnea,slp01b
0,0,0.20523584,slp01b,1,xgboost,apnea,slp01b
0,0,0.19243348,slp01b,1,xgboost,apnea,slp01b
0,0,0.2093813,slp01b,1,xgboost,apnea,slp01b
0,0,0.15965414,slp01b,1,xgboost,apnea,slp01b
0,0,0.16888867,slp01b,1,xgboost,apnea,slp01b
0,0,0.30073446,slp01b,1,xgboost,apnea,slp01b
0,0,0.203417,slp01b,1,xgboost,apnea,slp01b
0,0,0.2300043,slp01b,1,xgboost,apnea,slp01b
0,0,0.19129603,slp01b,1,xgboost,apnea,slp01b
0,0,0.18751806,slp01b,1,xgboost,apnea,slp01b
0,0,0.15965414,slp01b,1,xgboost,apnea,slp01b
0,0,0.18384703,slp01b,1,xgboost,apnea,slp01b
0,0,0.31678155,slp01b,1,xgboost,apnea,slp01b
0,0,0.25549355,slp01b,1,xgboost,apnea,slp01b
0,0,0.25994828,slp01b,1,xgboost,apnea,slp01b
0,0,0.16808261,slp01b,1,xgboost,apnea,slp01b
0,0,0.16309154,slp01b,1,xgboost,apnea,slp01b
0,0,0.13983929,slp01b,1,xgboost,apnea,slp01b
0,0,0.17629388,slp01b,1,xgboost,apnea,slp01b
0,0,0.20845115,slp01b,1,xgboost,apnea,slp01b
0,0,0.24852373,slp01b,1,xgboost,apnea,slp01b
0,0,0.4220888,slp01b,1,xgboost,apnea,slp01b
0,0,0.19369167,slp01b,1,xgboost,apnea,slp01b
0,0,0.17420271,slp01b,1,xgboost,apnea,slp01b
0,0,0.2580029,slp01b,1,xgboost,apnea,slp01b
0,0,0.34531918,slp01b,1,xgboost,apnea,slp01b
0,0,0.19074501,slp01b,1,xgboost,apnea,slp01b
0,0,0.32594702,slp01b,1,xgboost,apnea,slp01b
0,0,0.38977826,slp01b,1,xgboost,apnea,slp01b
0,0,0.16873181,slp01b,1,xgboost,apnea,slp01b
0,0,0.16998684,slp01b,1,xgboost,apnea,slp01b
0,0,0.2195061,slp01b,1,xgboost,apnea,slp01b
0,0,0.17917602,slp01b,1,xgboost,apnea,slp01b
0,0,0.18317193,slp01b,1,xgboost,apnea,slp01b
0,0,0.21607704,slp01b,1,xgboost,apnea,slp01b
0,0,0.23284034,slp01b,1,xgboost,apnea,slp01b
0,0,0.14465986,slp01b,1,xgboost,apnea,slp01b
0,0,0.21297672,slp01b,1,xgboost,apnea,slp01b
0,0,0.27311015,slp01b,1,xgboost,apnea,slp01b
0,0,0.14178912,slp01b,1,xgboost,apnea,slp01b
0,0,0.25791973,slp01b,1,xgboost,apnea,slp01b
0,0,0.26550004,slp01b,1,xgboost,apnea,slp01b
0,0,0.20477049,slp01b,1,xgboost,apnea,slp01b
0,0,0.15208006,slp01b,1,xgboost,apnea,slp01b
0,0,0.14764364,slp01b,1,xgboost,apnea,slp01b
0,0,0.22664225,slp01b,1,xgboost,apnea,slp01b
0,0,0.17011692,slp01b,1,xgboost,apnea,slp01b
0,0,0.19368951,slp01b,1,xgboost,apnea,slp01b
0,0,0.3063807,slp01b,1,xgboost,apnea,slp01b
0,0,0.21071514,slp01b,1,xgboost,apnea,slp01b
0,0,0.22993317,slp01b,1,xgboost,apnea,slp01b
0,0,0.225327,slp01b,1,xgboost,apnea,slp01b
0,0,0.1635336,slp01b,1,xgboost,apnea,slp01b
0,0,0.2207399,slp01b,1,xgboost,apnea,slp01b
0,0,0.14317942,slp01b,1,xgboost,apnea,slp01b
0,0,0.19839066,slp01b,1,xgboost,apnea,slp01b
0,0,0.24849062,slp01b,1,xgboost,apnea,slp01b
0,0,0.21110643,slp01b,1,xgboost,apnea,slp01b
0,0,0.3036163,slp01b,1,xgboost,apnea,slp01b
0,0,0.46089444,slp01b,1,xgboost,apnea,slp01b
0,0,0.15476857,slp01b,1,xgboost,apnea,slp01b
0,0,0.2689401,slp01b,1,xgboost,apnea,slp01b
0,0,0.39595443,slp01b,1,xgboost,apnea,slp01b
0,0,0.21442202,slp01b,1,xgboost,apnea,slp01b
0,0,0.3386071,slp01b,1,xgboost,apnea,slp01b
0,0,0.21591453,slp01b,1,xgboost,apnea,slp01b
0,0,0.27439597,slp01b,1,xgboost,apnea,slp01b
0,0,0.3799251,slp01b,1,xgboost,apnea,slp01b
0,0,0.43484667,slp01b,1,xgboost,apnea,slp01b
1,0,0.15315521,slp01b,1,xgboost,apnea,slp01b
0,0,0.15345271,slp01b,1,xgboost,apnea,slp01b
0,0,0.17827965,slp01b,1,xgboost,apnea,slp01b
0,0,0.2790401,slp01b,1,xgboost,apnea,slp01b
0,0,0.1597645,slp01b,1,xgboost,apnea,slp01b
0,0,0.23733021,slp01b,1,xgboost,apnea,slp01b
0,0,0.35060525,slp01b,1,xgboost,apnea,slp01b
0,0,0.15803665,slp01b,1,xgboost,apnea,slp01b
0,0,0.20061246,slp01b,1,xgboost,apnea,slp01b
0,0,0.23251888,slp01b,1,xgboost,apnea,slp01b
0,0,0.34366187,slp01b,1,xgboost,apnea,slp01b
0,0,0.32547078,slp01b,1,xgboost,apnea,slp01b
0,0,0.13698135,slp01b,1,xgboost,apnea,slp01b
0,0,0.21666671,slp01b,1,xgboost,apnea,slp01b
0,0,0.27501425,slp01b,1,xgboost,apnea,slp01b
0,0,0.2172349,slp01b,1,xgboost,apnea,slp01b
0,0,0.23206891,slp01b,1,xgboost,apnea,slp01b
0,0,0.182804,slp01b,1,xgboost,apnea,slp01b
0,0,0.20779225,slp01b,1,xgboost,apnea,slp01b
0,0,0.29869628,slp01b,1,xgboost,apnea,slp01b
0,0,0.19641423,slp01b,1,xgboost,apnea,slp01b
0,0,0.21568923,slp01b,1,xgboost,apnea,slp01b
0,0,0.3363835,slp01b,1,xgboost,apnea,slp01b
0,0,0.20040958,slp01b,1,xgboost,apnea,slp01b
0,0,0.30377114,slp01b,1,xgboost,apnea,slp01b
0,1,0.68293965,slp01b,1,xgboost,apnea,slp01b
1,0,0.17047827,slp01b,1,xgboost,apnea,slp01b
1,0,0.29891825,slp01b,1,xgboost,apnea,slp01b
1,1,0.56417507,slp01b,1,xgboost,apnea,slp01b
0,1,0.6695664,slp01b,1,xgboost,apnea,slp01b
0,1,0.68303984,slp01b,1,xgboost,apnea,slp01b
0,1,0.5313165,slp01b,1,xgboost,apnea,slp01b
1,1,0.6613078,slp01b,1,xgboost,apnea,slp01b
0,1,0.65114313,slp01b,1,xgboost,apnea,slp01b
1,1,0.6791315,slp01b,1,xgboost,apnea,slp01b
1,1,0.5817445,slp01b,1,xgboost,apnea,slp01b
1,1,0.59997404,slp01b,1,xgboost,apnea,slp01b
1,1,0.68720657,slp01b,1,xgboost,apnea,slp01b
1,1,0.55750847,slp01b,1,xgboost,apnea,slp01b
1,0,0.44557402,slp01b,1,xgboost,apnea,slp01b
1,1,0.5967153,slp01b,1,xgboost,apnea,slp01b
1,1,0.567065,slp01b,1,xgboost,apnea,slp01b
1,1,0.7078777,slp01b,1,xgboost,apnea,slp01b
1,1,0.6714177,slp01b,1,xgboost,apnea,slp01b
1,1,0.6438548,slp01b,1,xgboost,apnea,slp01b
1,1,0.6216082,slp01b,1,xgboost,apnea,slp01b
1,1,0.6530488,slp01b,1,xgboost,apnea,slp01b
1,1,0.6508024,slp01b,1,xgboost,apnea,slp01b
1,1,0.6558734,slp01b,1,xgboost,apnea,slp01b
1,1,0.6353035,slp01b,1,xgboost,apnea,slp01b
1,1,0.68438053,slp01b,1,xgboost,apnea,slp01b
1,0,0.49603274,slp01b,1,xgboost,apnea,slp01b
1,1,0.6868967,slp01b,1,xgboost,apnea,slp01b
0,1,0.6804918,slp01b,1,xgboost,apnea,slp01b
1,0,0.45393598,slp01b,1,xgboost,apnea,slp01b
1,1,0.6888806,slp01b,1,xgboost,apnea,slp01b
1,1,0.6240804,slp01b,1,xgboost,apnea,slp01b
1,1,0.50644326,slp01b,1,xgboost,apnea,slp01b
0,1,0.67973894,slp01b,1,xgboost,apnea,slp01b
0,1,0.68713284,slp01b,1,xgboost,apnea,slp01b
1,0,0.49911502,slp01b,1,xgboost,apnea,slp01b
1,1,0.58630943,slp01b,1,xgboost,apnea,slp01b
1,1,0.6564394,slp01b,1,xgboost,apnea,slp01b
1,1,0.64700735,slp01b,1,xgboost,apnea,slp01b
1,1,0.6228144,slp01b,1,xgboost,apnea,slp01b
1,1,0.6552243,slp01b,1,xgboost,apnea,slp01b
1,1,0.6140485,slp01b,1,xgboost,apnea,slp01b
1,1,0.7469506,slp01b,1,xgboost,apnea,slp01b
1,1,0.59318244,slp01b,1,xgboost,apnea,slp01b
1,1,0.6876264,slp01b,1,xgboost,apnea,slp01b
1,1,0.73878217,slp01b,1,xgboost,apnea,slp01b
1,1,0.66503346,slp01b,1,xgboost,apnea,slp01b
1,1,0.6307561,slp01b,1,xgboost,apnea,slp01b
1,1,0.62711716,slp01b,1,xgboost,apnea,slp01b
1,1,0.6924772,slp01b,1,xgboost,apnea,slp01b
1,1,0.53996235,slp01b,1,xgboost,apnea,slp01b
1,1,0.60693455,slp01b,1,xgboost,apnea,slp01b
1,1,0.75286376,slp01b,1,xgboost,apnea,slp01b
1,1,0.5805702,slp01b,1,xgboost,apnea,slp01b
1,1,0.59530294,slp01b,1,xgboost,apnea,slp01b
1,1,0.68583506,slp01b,1,xgboost,apnea,slp01b
1,1,0.7320525,slp01b,1,xgboost,apnea,slp01b
1,0,0.4377895,slp01b,1,xgboost,apnea,slp01b
0,0,0.41087717,slp01b,1,xgboost,apnea,slp01b
0,0,0.37409142,slp01b,1,xgboost,apnea,slp01b
0,0,0.24603853,slp01b,1,xgboost,apnea,slp01b
0,0,0.274316,slp01b,1,xgboost,apnea,slp01b
1,0,0.44999292,slp01b,1,xgboost,apnea,slp01b
0,1,0.55201495,slp01b,1,xgboost,apnea,slp01b
0,0,0.4451735,slp01b,1,xgboost,apnea,slp01b
0,0,0.34562242,slp01b,1,xgboost,apnea,slp01b
0,0,0.4364561,slp01b,1,xgboost,apnea,slp01b
0,0,0.2764084,slp01b,1,xgboost,apnea,slp01b
0,0,0.18851255,slp01b,1,xgboost,apnea,slp01b
0,0,0.3573606,slp01b,1,xgboost,apnea,slp01b
0,0,0.37526834,slp01b,1,xgboost,apnea,slp01b
0,0,0.32417095,slp01b,1,xgboost,apnea,slp01b
0,0,0.24961127,slp01b,1,xgboost,apnea,slp01b
0,0,0.15264529,slp01b,1,xgboost,apnea,slp01b
0,0,0.29604378,slp01b,1,xgboost,apnea,slp01b
0,0,0.17379569,slp01b,1,xgboost,apnea,slp01b
0,0,0.28368878,slp01b,1,xgboost,apnea,slp01b
0,0,0.2919897,slp01b,1,xgboost,apnea,slp01b
0,0,0.3156352,slp01b,1,xgboost,apnea,slp01b
0,0,0.17434406,slp01b,1,xgboost,apnea,slp01b
0,0,0.18996768,slp01b,1,xgboost,apnea,slp01b
0,0,0.3296332,slp01b,1,xgboost,apnea,slp01b
0,0,0.14587863,slp01b,1,xgboost,apnea,slp01b
0,0,0.22375885,slp01b,1,xgboost,apnea,slp01b
0,0,0.15227003,slp01b,1,xgboost,apnea,slp01b
0,0,0.31208816,slp01b,1,xgboost,apnea,slp01b
0,0,0.42400512,slp01b,1,xgboost,apnea,slp01b
0,1,0.6845922,slp01b,1,xgboost,apnea,slp01b
0,1,0.6129561,slp01b,1,xgboost,apnea,slp01b
0,1,0.70932984,slp01b,1,xgboost,apnea,slp01b
0,0,0.39510795,slp01b,1,xgboost,apnea,slp01b
0,0,0.44505593,slp01b,1,xgboost,apnea,slp01b
0,1,0.58536386,slp01b,1,xgboost,apnea,slp01b
0,1,0.69030005,slp01b,1,xgboost,apnea,slp01b
0,1,0.69224304,slp01b,1,xgboost,apnea,slp01b
0,1,0.7431674,slp01b,1,xgboost,apnea,slp01b
0,0,0.3982194,slp01b,1,xgboost,apnea,slp01b
0,0,0.35836124,slp01b,1,xgboost,apnea,slp01b
1,1,0.72436345,slp01b,1,xgboost,apnea,slp01b
0,1,0.6645963,slp01b,1,xgboost,apnea,slp01b
0,1,0.7123935,slp01b,1,xgboost,apnea,slp01b
0,1,0.6900237,slp01b,1,xgboost,apnea,slp01b
0,1,0.62989926,slp01b,1,xgboost,apnea,slp01b
0,1,0.5861233,slp01b,1,xgboost,apnea,slp01b
0,1,0.6738965,slp01b,1,xgboost,apnea,slp01b
0,1,0.7000539,slp01b,1,xgboost,apnea,slp01b
0,1,0.5884345,slp01b,1,xgboost,apnea,slp01b
0,1,0.60604674,slp01b,1,xgboost,apnea,slp01b
0,1,0.542899,slp01b,1,xgboost,apnea,slp01b
0,1,0.7439656,slp01b,1,xgboost,apnea,slp01b
0,1,0.74171627,slp01b,1,xgboost,apnea,slp01b
0,1,0.64261574,slp01b,1,xgboost,apnea,slp01b
0,1,0.74977803,slp01b,1,xgboost,apnea,slp01b
0,1,0.72279,slp01b,1,xgboost,apnea,slp01b
0,0,0.404815,slp01b,1,xgboost,apnea,slp01b
0,0,0.2376499,slp01b,1,xgboost,apnea,slp01b
0,1,0.72157335,slp01b,1,xgboost,apnea,slp01b
0,1,0.67441875,slp01b,1,xgboost,apnea,slp01b
0,1,0.5829656,slp01b,1,xgboost,apnea,slp01b
0,0,0.36328253,slp01b,1,xgboost,apnea,slp01b
0,1,0.6294152,slp01b,1,xgboost,apnea,slp01b
1,1,0.70859057,slp01b,1,xgboost,apnea,slp01b
0,1,0.68851036,slp01b,1,xgboost,apnea,slp01b
0,1,0.67704624,slp01b,1,xgboost,apnea,slp01b
0,1,0.7171562,slp01b,1,xgboost,apnea,slp01b
0,1,0.7020927,slp01b,1,xgboost,apnea,slp01b
0,1,0.70982015,slp01b,1,xgboost,apnea,slp01b
0,1,0.7263979,slp01b,1,xgboost,apnea,slp01b
1,1,0.71981406,slp01b,1,xgboost,apnea,slp01b
0,1,0.71896017,slp01b,1,xgboost,apnea,slp01b
0,1,0.6434078,slp01b,1,xgboost,apnea,slp01b
0,1,0.7008414,slp01b,1,xgboost,apnea,slp01b
0,1,0.6897203,slp01b,1,xgboost,apnea,slp01b
0,1,0.6648407,slp01b,1,xgboost,apnea,slp01b
0,1,0.5733427,slp01b,1,xgboost,apnea,slp01b
1,0,0.33857444,slp01b,1,xgboost,apnea,slp01b
0,1,0.72103804,slp01b,1,xgboost,apnea,slp01b
0,1,0.5856499,slp01b,1,xgboost,apnea,slp01b
0,1,0.59201986,slp01b,1,xgboost,apnea,slp01b
1,1,0.551151,slp01b,1,xgboost,apnea,slp01b
0,1,0.684764,slp01b,1,xgboost,apnea,slp01b
0,1,0.72055924,slp01b,1,xgboost,apnea,slp01b
0,1,0.70345396,slp01b,1,xgboost,apnea,slp01b
0,1,0.7218777,slp01b,1,xgboost,apnea,slp01b
0,1,0.67668194,slp01b,1,xgboost,apnea,slp01b
0,1,0.5406853,slp01b,1,xgboost,apnea,slp01b
1,0,0.38288543,slp01b,1,xgboost,apnea,slp01b
0,1,0.61027074,slp01b,1,xgboost,apnea,slp01b
1,1,0.6874812,slp01b,1,xgboost,apnea,slp01b
1,1,0.66739696,slp01b,1,xgboost,apnea,slp01b
0,1,0.66519904,slp01b,1,xgboost,apnea,slp01b
0,1,0.7640231,slp01b,1,xgboost,apnea,slp01b
0,1,0.7244157,slp01b,1,xgboost,apnea,slp01b
0,1,0.6354693,slp01b,1,xgboost,apnea,slp01b
0,1,0.70270574,slp01b,1,xgboost,apnea,slp01b
0,1,0.7075328,slp01b,1,xgboost,apnea,slp01b
0,1,0.6630804,slp01b,1,xgboost,apnea,slp01b
0,1,0.6724937,slp01b,1,xgboost,apnea,slp01b
0,1,0.70113814,slp01b,1,xgboost,apnea,slp01b
0,1,0.62205034,slp01b,1,xgboost,apnea,slp01b
0,1,0.6240676,slp01b,1,xgboost,apnea,slp01b
0,1,0.5998805,slp01b,1,xgboost,apnea,slp01b
1,1,0.7361076,slp01b,1,xgboost,apnea,slp01b
0,1,0.71575683,slp01b,1,xgboost,apnea,slp01b
0,1,0.7163728,slp01b,1,xgboost,apnea,slp01b
1,1,0.6101347,slp01b,1,xgboost,apnea,slp01b
1,1,0.7277866,slp01b,1,xgboost,apnea,slp01b
0,1,0.700655,slp01b,1,xgboost,apnea,slp01b
0,1,0.72382754,slp01b,1,xgboost,apnea,slp01b
0,1,0.7152353,slp01b,1,xgboost,apnea,slp01b
0,1,0.67106074,slp01b,1,xgboost,apnea,slp01b
0,1,0.7023196,slp01b,1,xgboost,apnea,slp01b
0,1,0.6708864,slp01b,1,xgboost,apnea,slp01b
0,0,0.46176136,slp01b,1,xgboost,apnea,slp01b
0,1,0.70774066,slp01b,1,xgboost,apnea,slp01b
1,0,0.4434306,slp01b,1,xgboost,apnea,slp01b
0,1,0.681416,slp01b,1,xgboost,apnea,slp01b
0,1,0.70764667,slp01b,1,xgboost,apnea,slp01b
0,1,0.72218686,slp01b,1,xgboost,apnea,slp01b
1,1,0.68973964,slp01b,1,xgboost,apnea,slp01b
1,1,0.72104067,slp01b,1,xgboost,apnea,slp01b
0,1,0.7071704,slp01b,1,xgboost,apnea,slp01b
0,1,0.7015345,slp01b,1,xgboost,apnea,slp01b
1,1,0.702497,slp01b,1,xgboost,apnea,slp01b
0,1,0.70957255,slp01b,1,xgboost,apnea,slp01b
0,1,0.61644375,slp01b,1,xgboost,apnea,slp01b
0,1,0.7101893,slp01b,1,xgboost,apnea,slp01b
1,0,0.18713981,slp01b,1,xgboost,apnea,slp01b
0,0,0.28069386,slp01b,1,xgboost,apnea,slp01b
0,1,0.5089547,slp01b,1,xgboost,apnea,slp01b
0,1,0.67734194,slp01b,1,xgboost,apnea,slp01b
0,1,0.5133854,slp01b,1,xgboost,apnea,slp01b
0,0,0.47976902,slp01b,1,xgboost,apnea,slp01b
0,0,0.4165013,slp01b,1,xgboost,apnea,slp01b
0,1,0.7254821,slp01b,1,xgboost,apnea,slp01b
1,1,0.7084991,slp01b,1,xgboost,apnea,slp01b
1,1,0.6737593,slp01b,1,xgboost,apnea,slp01b
0,1,0.6405418,slp01b,1,xgboost,apnea,slp01b
0,0,0.3006258,slp01b,1,xgboost,apnea,slp01b
1,1,0.6581074,slp01b,1,xgboost,apnea,slp01b
1,1,0.5922349,slp01b,1,xgboost,apnea,slp01b
1,1,0.7055195,slp01b,1,xgboost,apnea,slp01b
1,1,0.5375378,slp01b,1,xgboost,apnea,slp01b
1,1,0.7332191,slp01b,1,xgboost,apnea,slp01b
1,1,0.66605234,slp01b,1,xgboost,apnea,slp01b
1,1,0.6452416,slp01b,1,xgboost,apnea,slp01b
1,1,0.637073,slp01b,1,xgboost,apnea,slp01b
1,1,0.53199714,slp01b,1,xgboost,apnea,slp01b
1,1,0.7045481,slp01b,1,xgboost,apnea,slp01b
1,1,0.66431046,slp01b,1,xgboost,apnea,slp01b
1,1,0.6515535,slp01b,1,xgboost,apnea,slp01b
1,1,0.66436297,slp01b,1,xgboost,apnea,slp01b
1,0,0.37224203,slp01b,1,xgboost,apnea,slp01b
1,0,0.46829626,slp01b,1,xgboost,apnea,slp01b
0,1,0.672989,slp01b,1,xgboost,apnea,slp01b
1,1,0.6812243,slp01b,1,xgboost,apnea,slp01b
1,1,0.62684387,slp01b,1,xgboost,apnea,slp01b
1,1,0.61928374,slp01b,1,xgboost,apnea,slp01b
0,1,0.70942616,slp01b,1,xgboost,apnea,slp01b
1,1,0.7708845,slp01b,1,xgboost,apnea,slp01b
0,1,0.74492687,slp01b,1,xgboost,apnea,slp01b
0,1,0.64198667,slp01b,1,xgboost,apnea,slp01b
0,0,0.18999496,slp04,1,xgboost,apnea,slp04
1,1,0.6814482,slp04,1,xgboost,apnea,slp04
1,0,0.377647,slp04,1,xgboost,apnea,slp04
1,1,0.5351748,slp04,1,xgboost,apnea,slp04
1,1,0.54031384,slp04,1,xgboost,apnea,slp04
1,1,0.5449616,slp04,1,xgboost,apnea,slp04
1,0,0.49060938,slp04,1,xgboost,apnea,slp04
1,0,0.08735438,slp04,1,xgboost,apnea,slp04
1,0,0.23816317,slp04,1,xgboost,apnea,slp04
1,1,0.50331825,slp04,1,xgboost,apnea,slp04
1,1,0.69185907,slp04,1,xgboost,apnea,slp04
1,1,0.57222015,slp04,1,xgboost,apnea,slp04
1,0,0.38745934,slp04,1,xgboost,apnea,slp04
1,0,0.3803926,slp04,1,xgboost,apnea,slp04
1,1,0.67596173,slp04,1,xgboost,apnea,slp04
1,1,0.6403023,slp04,1,xgboost,apnea,slp04
1,1,0.50944763,slp04,1,xgboost,apnea,slp04
1,1,0.60444075,slp04,1,xgboost,apnea,slp04
1,0,0.3190206,slp04,1,xgboost,apnea,slp04
0,0,0.1466954,slp04,1,xgboost,apnea,slp04
0,0,0.08543866,slp04,1,xgboost,apnea,slp04
0,0,0.0636546,slp04,1,xgboost,apnea,slp04
0,0,0.06556275,slp04,1,xgboost,apnea,slp04
0,0,0.05644287,slp04,1,xgboost,apnea,slp04
0,0,0.069063246,slp04,1,xgboost,apnea,slp04
0,0,0.081055775,slp04,1,xgboost,apnea,slp04
0,0,0.07491414,slp04,1,xgboost,apnea,slp04
0,0,0.09084953,slp04,1,xgboost,apnea,slp04
0,0,0.07758233,slp04,1,xgboost,apnea,slp04
0,0,0.090832464,slp04,1,xgboost,apnea,slp04
0,0,0.10634621,slp04,1,xgboost,apnea,slp04
0,0,0.090770274,slp04,1,xgboost,apnea,slp04
0,0,0.07014855,slp04,1,xgboost,apnea,slp04
0,0,0.081040375,slp04,1,xgboost,apnea,slp04
0,0,0.13841866,slp04,1,xgboost,apnea,slp04
0,0,0.15961938,slp04,1,xgboost,apnea,slp04
0,0,0.2166533,slp04,1,xgboost,apnea,slp04
1,1,0.5687488,slp04,1,xgboost,apnea,slp04
0,1,0.6160852,slp04,1,xgboost,apnea,slp04
1,0,0.19340223,slp04,1,xgboost,apnea,slp04
1,0,0.13758329,slp04,1,xgboost,apnea,slp04
0,0,0.113237575,slp04,1,xgboost,apnea,slp04
1,0,0.42698732,slp04,1,xgboost,apnea,slp04
1,0,0.49072683,slp04,1,xgboost,apnea,slp04
0,0,0.25001344,slp04,1,xgboost,apnea,slp04
1,1,0.51806825,slp04,1,xgboost,apnea,slp04
1,1,0.50372964,slp04,1,xgboost,apnea,slp04
1,1,0.59475756,slp04,1,xgboost,apnea,slp04
1,1,0.5397784,slp04,1,xgboost,apnea,slp04
0,1,0.5566796,slp04,1,xgboost,apnea,slp04
1,1,0.5570557,slp04,1,xgboost,apnea,slp04
0,1,0.53932774,slp04,1,xgboost,apnea,slp04
0,0,0.49670556,slp04,1,xgboost,apnea,slp04
1,1,0.55844533,slp04,1,xgboost,apnea,slp04
1,1,0.7311055,slp04,1,xgboost,apnea,slp04
0,1,0.5146279,slp04,1,xgboost,apnea,slp04
1,1,0.51354176,slp04,1,xgboost,apnea,slp04
0,0,0.49760506,slp04,1,xgboost,apnea,slp04
0,1,0.54667026,slp04,1,xgboost,apnea,slp04
0,1,0.5539476,slp04,1,xgboost,apnea,slp04
0,0,0.4675968,slp04,1,xgboost,apnea,slp04
0,1,0.5237176,slp04,1,xgboost,apnea,slp04
1,1,0.6565673,slp04,1,xgboost,apnea,slp04
1,1,0.5464237,slp04,1,xgboost,apnea,slp04
0,1,0.57240266,slp04,1,xgboost,apnea,slp04
0,1,0.57829523,slp04,1,xgboost,apnea,slp04
1,1,0.5088575,slp04,1,xgboost,apnea,slp04
0,1,0.6535114,slp04,1,xgboost,apnea,slp04
0,1,0.5339845,slp04,1,xgboost,apnea,slp04
1,1,0.57563674,slp04,1,xgboost,apnea,slp04
0,1,0.580302,slp04,1,xgboost,apnea,slp04
0,1,0.5445352,slp04,1,xgboost,apnea,slp04
1,1,0.6457856,slp04,1,xgboost,apnea,slp04
0,1,0.6035642,slp04,1,xgboost,apnea,slp04
1,1,0.5185149,slp04,1,xgboost,apnea,slp04
0,1,0.63806546,slp04,1,xgboost,apnea,slp04
0,0,0.4062383,slp04,1,xgboost,apnea,slp04
0,1,0.57276505,slp04,1,xgboost,apnea,slp04
1,1,0.5855288,slp04,1,xgboost,apnea,slp04
0,1,0.58315253,slp04,1,xgboost,apnea,slp04
1,0,0.45703983,slp04,1,xgboost,apnea,slp04
1,1,0.5218924,slp04,1,xgboost,apnea,slp04
0,1,0.5834068,slp04,1,xgboost,apnea,slp04
0,1,0.53960675,slp04,1,xgboost,apnea,slp04
0,1,0.63336587,slp04,1,xgboost,apnea,slp04
0,1,0.5236695,slp04,1,xgboost,apnea,slp04
0,1,0.7213341,slp04,1,xgboost,apnea,slp04
0,1,0.64760935,slp04,1,xgboost,apnea,slp04
0,1,0.5068716,slp04,1,xgboost,apnea,slp04
0,1,0.59451646,slp04,1,xgboost,apnea,slp04
0,1,0.5038448,slp04,1,xgboost,apnea,slp04
0,1,0.561462,slp04,1,xgboost,apnea,slp04
1,1,0.5429158,slp04,1,xgboost,apnea,slp04
1,1,0.5325475,slp04,1,xgboost,apnea,slp04
1,1,0.6006495,slp04,1,xgboost,apnea,slp04
0,1,0.5864054,slp04,1,xgboost,apnea,slp04
1,0,0.46255842,slp04,1,xgboost,apnea,slp04
0,1,0.59135956,slp04,1,xgboost,apnea,slp04
0,0,0.34671172,slp04,1,xgboost,apnea,slp04
1,1,0.50643826,slp04,1,xgboost,apnea,slp04
0,1,0.52922225,slp04,1,xgboost,apnea,slp04
0,1,0.65727484,slp04,1,xgboost,apnea,slp04
1,0,0.43027365,slp04,1,xgboost,apnea,slp04
0,0,0.17650683,slp04,1,xgboost,apnea,slp04
0,0,0.06442013,slp04,1,xgboost,apnea,slp04
0,0,0.054513488,slp04,1,xgboost,apnea,slp04
0,0,0.1657597,slp04,1,xgboost,apnea,slp04
0,0,0.22896308,slp04,1,xgboost,apnea,slp04
1,0,0.062908076,slp04,1,xgboost,apnea,slp04
1,0,0.16244231,slp04,1,xgboost,apnea,slp04
1,1,0.6755714,slp04,1,xgboost,apnea,slp04
1,0,0.07125265,slp04,1,xgboost,apnea,slp04
0,0,0.23370281,slp04,1,xgboost,apnea,slp04
1,0,0.13318136,slp04,1,xgboost,apnea,slp04
1,1,0.60629475,slp04,1,xgboost,apnea,slp04
1,0,0.2137608,slp04,1,xgboost,apnea,slp04
1,0,0.15627389,slp04,1,xgboost,apnea,slp04
1,1,0.65066326,slp04,1,xgboost,apnea,slp04
1,0,0.4083573,slp04,1,xgboost,apnea,slp04
1,1,0.6598306,slp04,1,xgboost,apnea,slp04
1,1,0.60956794,slp04,1,xgboost,apnea,slp04
1,1,0.66420555,slp04,1,xgboost,apnea,slp04
1,0,0.38930157,slp04,1,xgboost,apnea,slp04
0,0,0.07155316,slp04,1,xgboost,apnea,slp04
1,1,0.6824633,slp04,1,xgboost,apnea,slp04
1,1,0.6950189,slp04,1,xgboost,apnea,slp04
1,1,0.7014149,slp04,1,xgboost,apnea,slp04
1,0,0.082118504,slp04,1,xgboost,apnea,slp04
1,1,0.6814482,slp04,1,xgboost,apnea,slp04
1,0,0.14295031,slp04,1,xgboost,apnea,slp04
0,1,0.67879385,slp04,1,xgboost,apnea,slp04
1,1,0.66534114,slp04,1,xgboost,apnea,slp04
1,1,0.61940986,slp04,1,xgboost,apnea,slp04
1,1,0.6909869,slp04,1,xgboost,apnea,slp04
1,0,0.33246136,slp04,1,xgboost,apnea,slp04
1,1,0.6849087,slp04,1,xgboost,apnea,slp04
1,1,0.636668,slp04,1,xgboost,apnea,slp04
1,1,0.5839863,slp04,1,xgboost,apnea,slp04
1,0,0.4762013,slp04,1,xgboost,apnea,slp04
1,1,0.62810445,slp04,1,xgboost,apnea,slp04
1,0,0.079989895,slp04,1,xgboost,apnea,slp04
1,1,0.71363366,slp04,1,xgboost,apnea,slp04
1,1,0.6054687,slp04,1,xgboost,apnea,slp04
1,1,0.70175713,slp04,1,xgboost,apnea,slp04
1,1,0.63198817,slp04,1,xgboost,apnea,slp04
1,1,0.6902288,slp04,1,xgboost,apnea,slp04
1,1,0.673508,slp04,1,xgboost,apnea,slp04
1,0,0.48971727,slp04,1,xgboost,apnea,slp04
1,1,0.55248994,slp04,1,xgboost,apnea,slp04
1,1,0.61584866,slp04,1,xgboost,apnea,slp04
1,1,0.56063175,slp04,1,xgboost,apnea,slp04
1,1,0.6360819,slp04,1,xgboost,apnea,slp04
1,1,0.5547792,slp04,1,xgboost,apnea,slp04
1,1,0.6183712,slp04,1,xgboost,apnea,slp04
1,1,0.6261813,slp04,1,xgboost,apnea,slp04
1,1,0.61440575,slp04,1,xgboost,apnea,slp04
1,1,0.7049631,slp04,1,xgboost,apnea,slp04
1,1,0.62024456,slp04,1,xgboost,apnea,slp04
1,0,0.46253893,slp04,1,xgboost,apnea,slp04
1,0,0.44152892,slp04,1,xgboost,apnea,slp04
1,0,0.20883048,slp04,1,xgboost,apnea,slp04
1,1,0.5004286,slp04,1,xgboost,apnea,slp04
1,1,0.6086584,slp04,1,xgboost,apnea,slp04
1,1,0.66827184,slp04,1,xgboost,apnea,slp04
1,0,0.21785958,slp04,1,xgboost,apnea,slp04
1,1,0.5487921,slp04,1,xgboost,apnea,slp04
1,0,0.48727185,slp04,1,xgboost,apnea,slp04
1,1,0.6829741,slp04,1,xgboost,apnea,slp04
1,1,0.54561764,slp04,1,xgboost,apnea,slp04
1,1,0.5839639,slp04,1,xgboost,apnea,slp04
1,1,0.6053255,slp04,1,xgboost,apnea,slp04
1,1,0.6543133,slp04,1,xgboost,apnea,slp04
1,1,0.6723815,slp04,1,xgboost,apnea,slp04
1,1,0.5839639,slp04,1,xgboost,apnea,slp04
1,0,0.09021765,slp04,1,xgboost,apnea,slp04
0,0,0.0684108,slp04,1,xgboost,apnea,slp04
0,0,0.077514194,slp04,1,xgboost,apnea,slp04
0,0,0.0887216,slp04,1,xgboost,apnea,slp04
0,0,0.15349506,slp04,1,xgboost,apnea,slp04
0,0,0.13496973,slp04,1,xgboost,apnea,slp04
0,0,0.053945046,slp04,1,xgboost,apnea,slp04
1,0,0.10638707,slp04,1,xgboost,apnea,slp04
0,0,0.1122941,slp04,1,xgboost,apnea,slp04
1,0,0.09644579,slp04,1,xgboost,apnea,slp04
0,1,0.6327448,slp04,1,xgboost,apnea,slp04
1,0,0.45558015,slp04,1,xgboost,apnea,slp04
1,1,0.6352515,slp04,1,xgboost,apnea,slp04
1,1,0.64916444,slp04,1,xgboost,apnea,slp04
1,1,0.61131716,slp04,1,xgboost,apnea,slp04
1,1,0.6324683,slp04,1,xgboost,apnea,slp04
1,1,0.5371354,slp04,1,xgboost,apnea,slp04
1,1,0.6832008,slp04,1,xgboost,apnea,slp04
1,1,0.56652534,slp04,1,xgboost,apnea,slp04
1,0,0.12201725,slp04,1,xgboost,apnea,slp04
0,0,0.21756102,slp04,1,xgboost,apnea,slp04
0,0,0.11893425,slp04,1,xgboost,apnea,slp04
0,1,0.70800626,slp04,1,xgboost,apnea,slp04
1,1,0.5874796,slp04,1,xgboost,apnea,slp04
1,0,0.46473613,slp04,1,xgboost,apnea,slp04
1,1,0.57886565,slp04,1,xgboost,apnea,slp04
1,0,0.48217908,slp04,1,xgboost,apnea,slp04
1,1,0.6379355,slp04,1,xgboost,apnea,slp04
1,1,0.6258482,slp04,1,xgboost,apnea,slp04
1,1,0.54043216,slp04,1,xgboost,apnea,slp04
1,1,0.623707,slp04,1,xgboost,apnea,slp04
1,0,0.4905217,slp04,1,xgboost,apnea,slp04
1,1,0.60814375,slp04,1,xgboost,apnea,slp04
1,0,0.45425928,slp04,1,xgboost,apnea,slp04
1,1,0.56526786,slp04,1,xgboost,apnea,slp04
1,1,0.6832621,slp04,1,xgboost,apnea,slp04
1,1,0.67199904,slp04,1,xgboost,apnea,slp04
1,1,0.51104796,slp04,1,xgboost,apnea,slp04
1,1,0.5618818,slp04,1,xgboost,apnea,slp04
1,1,0.688573,slp04,1,xgboost,apnea,slp04
0,1,0.5269616,slp04,1,xgboost,apnea,slp04
0,1,0.6350005,slp04,1,xgboost,apnea,slp04
1,0,0.2579729,slp04,1,xgboost,apnea,slp04
1,0,0.09539912,slp04,1,xgboost,apnea,slp04
0,0,0.18671398,slp04,1,xgboost,apnea,slp04
1,0,0.42429304,slp04,1,xgboost,apnea,slp04
1,1,0.6389399,slp04,1,xgboost,apnea,slp04
1,0,0.29251033,slp04,1,xgboost,apnea,slp04
1,1,0.5989013,slp04,1,xgboost,apnea,slp04
1,1,0.5501888,slp04,1,xgboost,apnea,slp04
1,1,0.62645787,slp04,1,xgboost,apnea,slp04
1,1,0.6048225,slp04,1,xgboost,apnea,slp04
1,1,0.66397256,slp04,1,xgboost,apnea,slp04
1,1,0.5801886,slp04,1,xgboost,apnea,slp04
1,1,0.6251791,slp04,1,xgboost,apnea,slp04
1,1,0.6007667,slp04,1,xgboost,apnea,slp04
1,1,0.66461253,slp04,1,xgboost,apnea,slp04
1,1,0.6019762,slp04,1,xgboost,apnea,slp04
1,1,0.67618364,slp04,1,xgboost,apnea,slp04
1,1,0.5455849,slp04,1,xgboost,apnea,slp04
1,1,0.5691955,slp04,1,xgboost,apnea,slp04
0,1,0.627026,slp04,1,xgboost,apnea,slp04
1,0,0.3610452,slp04,1,xgboost,apnea,slp04
1,1,0.50405693,slp04,1,xgboost,apnea,slp04
1,1,0.67048717,slp04,1,xgboost,apnea,slp04
1,1,0.6403524,slp04,1,xgboost,apnea,slp04
1,1,0.5845086,slp04,1,xgboost,apnea,slp04
1,1,0.628114,slp04,1,xgboost,apnea,slp04
1,1,0.59809244,slp04,1,xgboost,apnea,slp04
1,0,0.2576412,slp04,1,xgboost,apnea,slp04
1,1,0.5244137,slp04,1,xgboost,apnea,slp04
1,1,0.6415427,slp04,1,xgboost,apnea,slp04
1,1,0.65332,slp04,1,xgboost,apnea,slp04
1,1,0.59488744,slp04,1,xgboost,apnea,slp04
1,1,0.5268226,slp04,1,xgboost,apnea,slp04
1,1,0.6193266,slp04,1,xgboost,apnea,slp04
1,1,0.5191938,slp04,1,xgboost,apnea,slp04
1,1,0.5962789,slp04,1,xgboost,apnea,slp04
1,1,0.5547553,slp04,1,xgboost,apnea,slp04
1,1,0.55952626,slp04,1,xgboost,apnea,slp04
1,1,0.6751357,slp04,1,xgboost,apnea,slp04
1,1,0.54968566,slp04,1,xgboost,apnea,slp04
1,1,0.69420534,slp04,1,xgboost,apnea,slp04
1,1,0.6734158,slp04,1,xgboost,apnea,slp04
1,1,0.64431226,slp04,1,xgboost,apnea,slp04
1,1,0.6411507,slp04,1,xgboost,apnea,slp04
1,1,0.51764935,slp04,1,xgboost,apnea,slp04
0,1,0.5264821,slp04,1,xgboost,apnea,slp04
1,1,0.700139,slp04,1,xgboost,apnea,slp04
0,1,0.6628126,slp04,1,xgboost,apnea,slp04
1,1,0.59113336,slp04,1,xgboost,apnea,slp04
1,1,0.6862884,slp04,1,xgboost,apnea,slp04
1,1,0.56886584,slp04,1,xgboost,apnea,slp04
1,1,0.56642616,slp04,1,xgboost,apnea,slp04
1,1,0.6649882,slp04,1,xgboost,apnea,slp04
1,1,0.6401565,slp04,1,xgboost,apnea,slp04
1,1,0.59710777,slp04,1,xgboost,apnea,slp04
1,0,0.3651807,slp04,1,xgboost,apnea,slp04
1,1,0.6221803,slp04,1,xgboost,apnea,slp04
1,1,0.5926796,slp04,1,xgboost,apnea,slp04
1,1,0.65029365,slp04,1,xgboost,apnea,slp04
1,1,0.56174916,slp04,1,xgboost,apnea,slp04
1,1,0.6703653,slp04,1,xgboost,apnea,slp04
1,1,0.642403,slp04,1,xgboost,apnea,slp04
1,1,0.6015989,slp04,1,xgboost,apnea,slp04
1,1,0.5691955,slp04,1,xgboost,apnea,slp04
1,1,0.5956626,slp04,1,xgboost,apnea,slp04
1,1,0.6388967,slp04,1,xgboost,apnea,slp04
1,1,0.5855418,slp04,1,xgboost,apnea,slp04
1,1,0.6873422,slp04,1,xgboost,apnea,slp04
1,1,0.6648335,slp04,1,xgboost,apnea,slp04
1,1,0.6760857,slp04,1,xgboost,apnea,slp04
1,1,0.5705409,slp04,1,xgboost,apnea,slp04
1,1,0.6358433,slp04,1,xgboost,apnea,slp04
1,1,0.5538289,slp04,1,xgboost,apnea,slp04
1,1,0.54903007,slp04,1,xgboost,apnea,slp04
0,1,0.6338987,slp04,1,xgboost,apnea,slp04
1,1,0.55222356,slp04,1,xgboost,apnea,slp04
0,0,0.46835232,slp04,1,xgboost,apnea,slp04
1,1,0.67445457,slp04,1,xgboost,apnea,slp04
1,1,0.5685885,slp04,1,xgboost,apnea,slp04
1,1,0.59158075,slp04,1,xgboost,apnea,slp04
1,1,0.5543943,slp04,1,xgboost,apnea,slp04
0,1,0.57780033,slp04,1,xgboost,apnea,slp04
1,1,0.6006495,slp04,1,xgboost,apnea,slp04
1,1,0.55345327,slp04,1,xgboost,apnea,slp04
1,1,0.5816687,slp04,1,xgboost,apnea,slp04
1,1,0.59217864,slp04,1,xgboost,apnea,slp04
1,1,0.543368,slp04,1,xgboost,apnea,slp04
0,1,0.50441545,slp04,1,xgboost,apnea,slp04
1,1,0.58988893,slp04,1,xgboost,apnea,slp04
1,1,0.54398435,slp04,1,xgboost,apnea,slp04
0,1,0.58988893,slp04,1,xgboost,apnea,slp04
1,1,0.5124236,slp04,1,xgboost,apnea,slp04
1,1,0.5912482,slp04,1,xgboost,apnea,slp04
1,0,0.48215246,slp04,1,xgboost,apnea,slp04
0,1,0.6908519,slp04,1,xgboost,apnea,slp04
1,0,0.46929422,slp04,1,xgboost,apnea,slp04
1,1,0.6433529,slp04,1,xgboost,apnea,slp04
1,1,0.68874,slp04,1,xgboost,apnea,slp04
1,1,0.66047823,slp04,1,xgboost,apnea,slp04
1,0,0.10367724,slp04,1,xgboost,apnea,slp04
1,0,0.12585847,slp04,1,xgboost,apnea,slp04
0,0,0.2879425,slp04,1,xgboost,apnea,slp04
0,0,0.22482106,slp04,1,xgboost,apnea,slp04
1,0,0.4256827,slp04,1,xgboost,apnea,slp04
1,1,0.6555111,slp04,1,xgboost,apnea,slp04
1,1,0.5647963,slp04,1,xgboost,apnea,slp04
1,1,0.6300342,slp04,1,xgboost,apnea,slp04
1,1,0.57662535,slp04,1,xgboost,apnea,slp04
1,0,0.26318285,slp04,1,xgboost,apnea,slp04
1,1,0.6596639,slp04,1,xgboost,apnea,slp04
1,1,0.6536775,slp04,1,xgboost,apnea,slp04
1,1,0.5254506,slp04,1,xgboost,apnea,slp04
1,0,0.46538508,slp04,1,xgboost,apnea,slp04
1,1,0.5976117,slp04,1,xgboost,apnea,slp04
1,1,0.61877096,slp04,1,xgboost,apnea,slp04
1,1,0.5969835,slp04,1,xgboost,apnea,slp04
1,1,0.6210239,slp04,1,xgboost,apnea,slp04
1,1,0.5873153,slp04,1,xgboost,apnea,slp04
1,1,0.6530837,slp04,1,xgboost,apnea,slp04
1,1,0.6548408,slp04,1,xgboost,apnea,slp04
1,1,0.5720952,slp04,1,xgboost,apnea,slp04
1,1,0.5184687,slp04,1,xgboost,apnea,slp04
1,1,0.59014344,slp04,1,xgboost,apnea,slp04
1,1,0.62545073,slp04,1,xgboost,apnea,slp04
1,1,0.6090779,slp04,1,xgboost,apnea,slp04
1,1,0.68956584,slp04,1,xgboost,apnea,slp04
1,1,0.6447318,slp04,1,xgboost,apnea,slp04
1,1,0.6735268,slp04,1,xgboost,apnea,slp04
1,1,0.6564222,slp04,1,xgboost,apnea,slp04
1,1,0.56818706,slp04,1,xgboost,apnea,slp04
1,1,0.51314646,slp04,1,xgboost,apnea,slp04
1,1,0.5637421,slp04,1,xgboost,apnea,slp04
1,1,0.5602077,slp04,1,xgboost,apnea,slp04
1,1,0.6458419,slp04,1,xgboost,apnea,slp04
1,1,0.6447318,slp04,1,xgboost,apnea,slp04
1,1,0.62446845,slp04,1,xgboost,apnea,slp04
1,1,0.67989373,slp04,1,xgboost,apnea,slp04
1,1,0.6417365,slp04,1,xgboost,apnea,slp04
1,1,0.61795455,slp04,1,xgboost,apnea,slp04
1,1,0.6696573,slp04,1,xgboost,apnea,slp04
1,1,0.5661731,slp04,1,xgboost,apnea,slp04
1,1,0.6062616,slp04,1,xgboost,apnea,slp04
1,1,0.57347316,slp04,1,xgboost,apnea,slp04
1,1,0.6333051,slp04,1,xgboost,apnea,slp04
1,1,0.65962934,slp04,1,xgboost,apnea,slp04
1,0,0.4987237,slp04,1,xgboost,apnea,slp04
1,1,0.6549497,slp04,1,xgboost,apnea,slp04
1,1,0.6826514,slp04,1,xgboost,apnea,slp04
1,1,0.690336,slp04,1,xgboost,apnea,slp04
1,1,0.63464683,slp04,1,xgboost,apnea,slp04
1,0,0.3892026,slp04,1,xgboost,apnea,slp04
1,1,0.64548635,slp04,1,xgboost,apnea,slp04
1,1,0.693586,slp04,1,xgboost,apnea,slp04
1,1,0.67719173,slp04,1,xgboost,apnea,slp04
1,1,0.6418097,slp04,1,xgboost,apnea,slp04
1,0,0.4583411,slp04,1,xgboost,apnea,slp04
1,0,0.4934055,slp04,1,xgboost,apnea,slp04
0,0,0.23144409,slp04,1,xgboost,apnea,slp04
1,0,0.09804793,slp04,1,xgboost,apnea,slp04
0,0,0.056200814,slp04,1,xgboost,apnea,slp04
0,0,0.045087222,slp04,1,xgboost,apnea,slp04
0,0,0.10279538,slp04,1,xgboost,apnea,slp04
0,0,0.042688534,slp04,1,xgboost,apnea,slp04
0,0,0.051823825,slp04,1,xgboost,apnea,slp04
0,0,0.050099973,slp04,1,xgboost,apnea,slp04
0,0,0.05783559,slp04,1,xgboost,apnea,slp04
0,0,0.08656414,slp04,1,xgboost,apnea,slp04
0,0,0.21325329,slp04,1,xgboost,apnea,slp04
0,0,0.04495076,slp04,1,xgboost,apnea,slp04
1,0,0.069789924,slp04,1,xgboost,apnea,slp04
0,0,0.055498466,slp04,1,xgboost,apnea,slp04
0,0,0.043172717,slp04,1,xgboost,apnea,slp04
0,0,0.08838869,slp04,1,xgboost,apnea,slp04
0,0,0.055388004,slp04,1,xgboost,apnea,slp04
0,0,0.052699246,slp04,1,xgboost,apnea,slp04
0,0,0.07111561,slp04,1,xgboost,apnea,slp04
0,0,0.10408705,slp04,1,xgboost,apnea,slp04
0,0,0.05868449,slp04,1,xgboost,apnea,slp04
0,0,0.05626594,slp04,1,xgboost,apnea,slp04
0,0,0.07022977,slp04,1,xgboost,apnea,slp04
0,0,0.07618631,slp04,1,xgboost,apnea,slp04
0,0,0.12811191,slp04,1,xgboost,apnea,slp04
0,0,0.044994168,slp04,1,xgboost,apnea,slp04
0,0,0.06994888,slp04,1,xgboost,apnea,slp04
0,1,0.5029105,slp04,1,xgboost,apnea,slp04
0,0,0.24451849,slp04,1,xgboost,apnea,slp04
1,1,0.69416887,slp04,1,xgboost,apnea,slp04
1,0,0.04699897,slp04,1,xgboost,apnea,slp04
1,0,0.054121383,slp04,1,xgboost,apnea,slp04
0,0,0.046090964,slp04,1,xgboost,apnea,slp04
0,0,0.051789694,slp04,1,xgboost,apnea,slp04
0,0,0.047463853,slp04,1,xgboost,apnea,slp04
0,0,0.06155336,slp04,1,xgboost,apnea,slp04
0,0,0.13613041,slp04,1,xgboost,apnea,slp04
0,0,0.10987084,slp04,1,xgboost,apnea,slp04
0,0,0.05243679,slp04,1,xgboost,apnea,slp04
0,0,0.041198127,slp04,1,xgboost,apnea,slp04
0,0,0.10494453,slp04,1,xgboost,apnea,slp04
0,0,0.05397531,slp04,1,xgboost,apnea,slp04
0,0,0.048324745,slp04,1,xgboost,apnea,slp04
0,0,0.045305926,slp04,1,xgboost,apnea,slp04
0,0,0.04206572,slp04,1,xgboost,apnea,slp04
0,0,0.13666432,slp04,1,xgboost,apnea,slp04
0,0,0.050013684,slp04,1,xgboost,apnea,slp04
0,0,0.05496984,slp04,1,xgboost,apnea,slp04
0,0,0.048363794,slp04,1,xgboost,apnea,slp04
0,0,0.11505032,slp04,1,xgboost,apnea,slp04
0,0,0.13517337,slp04,1,xgboost,apnea,slp04
0,0,0.47693047,slp04,1,xgboost,apnea,slp04
0,0,0.09222957,slp04,1,xgboost,apnea,slp04
0,0,0.060543396,slp04,1,xgboost,apnea,slp04
0,0,0.07360524,slp04,1,xgboost,apnea,slp04
1,0,0.19314198,slp04,1,xgboost,apnea,slp04
0,0,0.24721284,slp04,1,xgboost,apnea,slp04
0,0,0.16726457,slp04,1,xgboost,apnea,slp04
0,0,0.13990137,slp04,1,xgboost,apnea,slp04
0,0,0.24984078,slp04,1,xgboost,apnea,slp04
0,0,0.041311637,slp04,1,xgboost,apnea,slp04
0,0,0.2414283,slp04,1,xgboost,apnea,slp04
0,0,0.22361006,slp04,1,xgboost,apnea,slp04
0,0,0.18944913,slp04,1,xgboost,apnea,slp04
0,0,0.1261881,slp04,1,xgboost,apnea,slp04
0,0,0.064682156,slp04,1,xgboost,apnea,slp04
0,0,0.12121106,slp04,1,xgboost,apnea,slp04
0,0,0.116170466,slp04,1,xgboost,apnea,slp04
0,0,0.04686144,slp04,1,xgboost,apnea,slp04
0,0,0.07241944,slp04,1,xgboost,apnea,slp04
0,0,0.096201256,slp04,1,xgboost,apnea,slp04
0,0,0.07280972,slp04,1,xgboost,apnea,slp04
0,0,0.04678877,slp04,1,xgboost,apnea,slp04
0,0,0.04804378,slp04,1,xgboost,apnea,slp04
0,0,0.14258087,slp04,1,xgboost,apnea,slp04
0,0,0.07118737,slp04,1,xgboost,apnea,slp04
0,0,0.04425905,slp04,1,xgboost,apnea,slp04
0,0,0.07839677,slp04,1,xgboost,apnea,slp04
0,0,0.041971035,slp04,1,xgboost,apnea,slp04
0,0,0.04409267,slp04,1,xgboost,apnea,slp04
0,0,0.1757162,slp04,1,xgboost,apnea,slp04
0,0,0.13334279,slp04,1,xgboost,apnea,slp04
0,0,0.046720657,slp04,1,xgboost,apnea,slp04
0,0,0.048363794,slp04,1,xgboost,apnea,slp04
0,0,0.045168538,slp04,1,xgboost,apnea,slp04
0,0,0.0482581,slp04,1,xgboost,apnea,slp04
0,0,0.035012957,slp04,1,xgboost,apnea,slp04
0,0,0.056951657,slp04,1,xgboost,apnea,slp04
0,0,0.10529009,slp04,1,xgboost,apnea,slp04
0,0,0.32100725,slp04,1,xgboost,apnea,slp04
0,0,0.24195218,slp04,1,xgboost,apnea,slp04
0,0,0.2802834,slp04,1,xgboost,apnea,slp04
0,0,0.13225554,slp04,1,xgboost,apnea,slp04
0,0,0.074710116,slp04,1,xgboost,apnea,slp04
0,0,0.045459736,slp04,1,xgboost,apnea,slp04
0,0,0.050385084,slp04,1,xgboost,apnea,slp04
0,0,0.050960477,slp04,1,xgboost,apnea,slp04
0,0,0.06804388,slp04,1,xgboost,apnea,slp04
0,0,0.0685183,slp04,1,xgboost,apnea,slp04
0,0,0.09998593,slp04,1,xgboost,apnea,slp04
0,0,0.17741506,slp04,1,xgboost,apnea,slp04
0,0,0.08958132,slp04,1,xgboost,apnea,slp04
0,0,0.2698717,slp04,1,xgboost,apnea,slp04
0,0,0.24915873,slp04,1,xgboost,apnea,slp04
1,0,0.23597364,slp04,1,xgboost,apnea,slp04
0,1,0.692171,slp04,1,xgboost,apnea,slp04
0,1,0.64738935,slp04,1,xgboost,apnea,slp04
0,0,0.49250725,slp04,1,xgboost,apnea,slp04
0,1,0.66078055,slp04,1,xgboost,apnea,slp04
0,1,0.5365783,slp04,1,xgboost,apnea,slp04
1,1,0.6924265,slp04,1,xgboost,apnea,slp04
0,1,0.54932064,slp04,1,xgboost,apnea,slp04
1,1,0.56339616,slp04,1,xgboost,apnea,slp04
1,0,0.48148805,slp04,1,xgboost,apnea,slp04
0,0,0.4593255,slp04,1,xgboost,apnea,slp04
0,1,0.5654658,slp04,1,xgboost,apnea,slp04
0,1,0.5146279,slp04,1,xgboost,apnea,slp04
0,1,0.5564696,slp04,1,xgboost,apnea,slp04
0,1,0.5687348,slp04,1,xgboost,apnea,slp04
0,1,0.56433207,slp04,1,xgboost,apnea,slp04
1,1,0.67766356,slp04,1,xgboost,apnea,slp04
0,0,0.48590565,slp04,1,xgboost,apnea,slp04
1,1,0.56294686,slp04,1,xgboost,apnea,slp04
0,1,0.6895488,slp04,1,xgboost,apnea,slp04
0,0,0.4880893,slp04,1,xgboost,apnea,slp04
1,0,0.1747351,slp04,1,xgboost,apnea,slp04
0,0,0.082629815,slp04,1,xgboost,apnea,slp04
1,0,0.09089277,slp04,1,xgboost,apnea,slp04
0,1,0.73468244,slp04,1,xgboost,apnea,slp04
0,1,0.52399606,slp04,1,xgboost,apnea,slp04
0,1,0.6141905,slp04,1,xgboost,apnea,slp04
0,1,0.569846,slp04,1,xgboost,apnea,slp04
0,1,0.5045782,slp04,1,xgboost,apnea,slp04
0,1,0.6054216,slp04,1,xgboost,apnea,slp04
0,0,0.4958268,slp04,1,xgboost,apnea,slp04
0,0,0.44210804,slp04,1,xgboost,apnea,slp04
0,1,0.5522776,slp04,1,xgboost,apnea,slp04
1,1,0.6980404,slp04,1,xgboost,apnea,slp04
0,1,0.55570674,slp04,1,xgboost,apnea,slp04
0,1,0.5207117,slp04,1,xgboost,apnea,slp04
0,1,0.6113798,slp04,1,xgboost,apnea,slp04
0,1,0.55570674,slp04,1,xgboost,apnea,slp04
0,1,0.50844896,slp04,1,xgboost,apnea,slp04
0,1,0.5448928,slp04,1,xgboost,apnea,slp04
0,0,0.40622622,slp04,1,xgboost,apnea,slp04
0,1,0.5634676,slp04,1,xgboost,apnea,slp04
0,1,0.60308594,slp04,1,xgboost,apnea,slp04
0,1,0.50145584,slp04,1,xgboost,apnea,slp04
0,1,0.58988893,slp04,1,xgboost,apnea,slp04
0,1,0.5694506,slp04,1,xgboost,apnea,slp04
0,1,0.5492934,slp04,1,xgboost,apnea,slp04
0,1,0.50785035,slp04,1,xgboost,apnea,slp04
0,1,0.5597826,slp04,1,xgboost,apnea,slp04
0,1,0.5829165,slp04,1,xgboost,apnea,slp04
0,0,0.15126295,slp04,1,xgboost,apnea,slp04
0,0,0.15429898,slp04,1,xgboost,apnea,slp04
0,0,0.14484306,slp04,1,xgboost,apnea,slp04
1,1,0.62177557,slp04,1,xgboost,apnea,slp04
1,1,0.58689356,slp04,1,xgboost,apnea,slp04
0,1,0.60132337,slp04,1,xgboost,apnea,slp04
0,1,0.50609547,slp04,1,xgboost,apnea,slp04
0,1,0.5454277,slp04,1,xgboost,apnea,slp04
0,0,0.49995768,slp04,1,xgboost,apnea,slp04
0,1,0.5067741,slp04,1,xgboost,apnea,slp04
0,1,0.50808835,slp04,1,xgboost,apnea,slp04
0,0,0.48396912,slp04,1,xgboost,apnea,slp04
0,0,0.4399363,slp04,1,xgboost,apnea,slp04
0,1,0.53228503,slp04,1,xgboost,apnea,slp04
0,0,0.48396912,slp04,1,xgboost,apnea,slp04
0,1,0.51397544,slp04,1,xgboost,apnea,slp04
0,1,0.56009805,slp04,1,xgboost,apnea,slp04
0,1,0.50519764,slp04,1,xgboost,apnea,slp04
0,1,0.58356786,slp04,1,xgboost,apnea,slp04
0,0,0.4953391,slp04,1,xgboost,apnea,slp04
0,0,0.46101525,slp04,1,xgboost,apnea,slp04
0,0,0.39998612,slp04,1,xgboost,apnea,slp04
0,0,0.4703198,slp04,1,xgboost,apnea,slp04
0,1,0.5426149,slp04,1,xgboost,apnea,slp04
0,1,0.595153,slp04,1,xgboost,apnea,slp04
0,0,0.49997276,slp04,1,xgboost,apnea,slp04
0,0,0.34550878,slp04,1,xgboost,apnea,slp04
0,0,0.47378618,slp04,1,xgboost,apnea,slp04
0,0,0.34929046,slp04,1,xgboost,apnea,slp04
0,0,0.33188832,slp04,1,xgboost,apnea,slp04
0,0,0.36135826,slp04,1,xgboost,apnea,slp04
0,0,0.45418108,slp04,1,xgboost,apnea,slp04
0,0,0.48531997,slp04,1,xgboost,apnea,slp04
0,0,0.328429,slp04,1,xgboost,apnea,slp04
0,0,0.28946903,slp04,1,xgboost,apnea,slp04
0,0,0.29640242,slp04,1,xgboost,apnea,slp04
0,0,0.4503352,slp04,1,xgboost,apnea,slp04
0,0,0.4081047,slp04,1,xgboost,apnea,slp04
0,0,0.31077638,slp04,1,xgboost,apnea,slp04
0,0,0.40519345,slp04,1,xgboost,apnea,slp04
0,0,0.30969286,slp04,1,xgboost,apnea,slp04
0,0,0.3337256,slp04,1,xgboost,apnea,slp04
0,0,0.34523606,slp04,1,xgboost,apnea,slp04
0,0,0.32596833,slp04,1,xgboost,apnea,slp04
0,0,0.33763433,slp04,1,xgboost,apnea,slp04
0,0,0.29516155,slp04,1,xgboost,apnea,slp04
0,1,0.5617729,slp04,1,xgboost,apnea,slp04
0,0,0.36359608,slp04,1,xgboost,apnea,slp04
0,0,0.35127327,slp04,1,xgboost,apnea,slp04
0,0,0.38790184,slp04,1,xgboost,apnea,slp04
0,0,0.30030262,slp04,1,xgboost,apnea,slp04
0,0,0.31077638,slp04,1,xgboost,apnea,slp04
0,0,0.32857695,slp04,1,xgboost,apnea,slp04
0,0,0.30657718,slp04,1,xgboost,apnea,slp04
0,0,0.35442257,slp04,1,xgboost,apnea,slp04
0,1,0.5052402,slp04,1,xgboost,apnea,slp04
0,0,0.4534117,slp04,1,xgboost,apnea,slp04
1,1,0.6889872,slp04,1,xgboost,apnea,slp04
0,0,0.20478225,slp04,1,xgboost,apnea,slp04
1,0,0.11307918,slp04,1,xgboost,apnea,slp04
1,1,0.549727,slp04,1,xgboost,apnea,slp04
0,1,0.67890537,slp04,1,xgboost,apnea,slp04
0,1,0.6397411,slp04,1,xgboost,apnea,slp04
1,1,0.7116637,slp04,1,xgboost,apnea,slp04
0,1,0.6455115,slp04,1,xgboost,apnea,slp04
0,1,0.5599717,slp04,1,xgboost,apnea,slp04
0,1,0.555937,slp04,1,xgboost,apnea,slp04
0,0,0.46295166,slp04,1,xgboost,apnea,slp04
0,0,0.47425473,slp04,1,xgboost,apnea,slp04
0,1,0.5474615,slp04,1,xgboost,apnea,slp04
0,1,0.7083581,slp04,1,xgboost,apnea,slp04
0,1,0.6731954,slp04,1,xgboost,apnea,slp04
0,1,0.55443496,slp04,1,xgboost,apnea,slp04
0,1,0.72212124,slp04,1,xgboost,apnea,slp04
0,1,0.69842565,slp04,1,xgboost,apnea,slp04
0,1,0.549028,slp04,1,xgboost,apnea,slp04
0,1,0.5255614,slp04,1,xgboost,apnea,slp04
0,1,0.6123396,slp04,1,xgboost,apnea,slp04
0,1,0.72993416,slp04,1,xgboost,apnea,slp04
0,1,0.56921816,slp04,1,xgboost,apnea,slp04
0,0,0.15394105,slp04,1,xgboost,apnea,slp04
1,1,0.6502353,slp04,1,xgboost,apnea,slp04
0,1,0.56257945,slp04,1,xgboost,apnea,slp04
1,1,0.5447211,slp04,1,xgboost,apnea,slp04
1,0,0.43224037,slp04,1,xgboost,apnea,slp04
0,0,0.06330123,slp04,1,xgboost,apnea,slp04
1,0,0.15226611,slp04,1,xgboost,apnea,slp04
0,1,0.6415001,slp04,1,xgboost,apnea,slp04
1,1,0.68013275,slp04,1,xgboost,apnea,slp04
0,1,0.54784966,slp04,1,xgboost,apnea,slp04
0,1,0.6614383,slp04,1,xgboost,apnea,slp04
0,1,0.5962789,slp04,1,xgboost,apnea,slp04
1,0,0.49453107,slp04,1,xgboost,apnea,slp04
1,1,0.5904822,slp04,1,xgboost,apnea,slp04
0,1,0.54491323,slp04,1,xgboost,apnea,slp04
0,1,0.55513555,slp04,1,xgboost,apnea,slp04
0,1,0.56992936,slp04,1,xgboost,apnea,slp04
0,1,0.6649785,slp04,1,xgboost,apnea,slp04
0,1,0.59158075,slp04,1,xgboost,apnea,slp04
0,1,0.5681887,slp04,1,xgboost,apnea,slp04
0,1,0.6013757,slp04,1,xgboost,apnea,slp04
0,1,0.58917207,slp04,1,xgboost,apnea,slp04
0,1,0.55920345,slp04,1,xgboost,apnea,slp04
0,1,0.54946667,slp04,1,xgboost,apnea,slp04
0,1,0.5275231,slp04,1,xgboost,apnea,slp04
0,0,0.4809792,slp04,1,xgboost,apnea,slp04
0,1,0.53463626,slp04,1,xgboost,apnea,slp04
0,1,0.5912641,slp04,1,xgboost,apnea,slp04
0,0,0.4801148,slp04,1,xgboost,apnea,slp04
0,1,0.5519441,slp04,1,xgboost,apnea,slp04
0,0,0.40520605,slp04,1,xgboost,apnea,slp04
0,1,0.5244811,slp04,1,xgboost,apnea,slp04
0,0,0.49462467,slp04,1,xgboost,apnea,slp04
0,0,0.12600945,slp04,1,xgboost,apnea,slp04
0,1,0.5873083,slp04,1,xgboost,apnea,slp04
0,1,0.69271535,slp04,1,xgboost,apnea,slp04
0,1,0.67082846,slp04,1,xgboost,apnea,slp04
0,1,0.59462327,slp04,1,xgboost,apnea,slp04
0,0,0.46397018,slp04,1,xgboost,apnea,slp04
0,1,0.6594842,slp04,1,xgboost,apnea,slp04
0,0,0.08964606,slp04,1,xgboost,apnea,slp04
0,0,0.14316866,slp04,1,xgboost,apnea,slp04
0,0,0.47106802,slp04,1,xgboost,apnea,slp04
0,0,0.29299286,slp04,1,xgboost,apnea,slp04
0,1,0.6600518,slp04,1,xgboost,apnea,slp04
0,1,0.554043,slp04,1,xgboost,apnea,slp04
0,0,0.41897905,slp04,1,xgboost,apnea,slp04
0,1,0.5762114,slp04,1,xgboost,apnea,slp04
1,1,0.59466976,slp04,1,xgboost,apnea,slp04
0,1,0.5299707,slp04,1,xgboost,apnea,slp04
0,1,0.5690675,slp04,1,xgboost,apnea,slp04
0,1,0.56990016,slp04,1,xgboost,apnea,slp04
0,1,0.61854744,slp04,1,xgboost,apnea,slp04
0,0,0.41328716,slp04,1,xgboost,apnea,slp04
0,1,0.55544955,slp04,1,xgboost,apnea,slp04
0,1,0.506992,slp04,1,xgboost,apnea,slp04
0,0,0.24378438,slp04,1,xgboost,apnea,slp04
0,0,0.2914673,slp04,1,xgboost,apnea,slp04
0,1,0.65370095,slp04,1,xgboost,apnea,slp04
1,1,0.6126263,slp04,1,xgboost,apnea,slp04
0,1,0.5360463,slp04,1,xgboost,apnea,slp04
1,1,0.64480144,slp04,1,xgboost,apnea,slp04
1,1,0.59205544,slp04,1,xgboost,apnea,slp04
0,1,0.5510468,slp04,1,xgboost,apnea,slp04
1,1,0.69447273,slp04,1,xgboost,apnea,slp04
1,0,0.48010325,slp04,1,xgboost,apnea,slp04
0,1,0.68013275,slp04,1,xgboost,apnea,slp04
1,1,0.5754874,slp04,1,xgboost,apnea,slp04
0,1,0.5698955,slp04,1,xgboost,apnea,slp04
1,0,0.46295166,slp04,1,xgboost,apnea,slp04
1,1,0.6434161,slp04,1,xgboost,apnea,slp04
1,0,0.4288871,slp04,1,xgboost,apnea,slp04
0,1,0.55056125,slp04,1,xgboost,apnea,slp04
1,0,0.49670556,slp04,1,xgboost,apnea,slp04
0,1,0.64003664,slp04,1,xgboost,apnea,slp04
0,0,0.38359636,slp04,1,xgboost,apnea,slp04
0,1,0.6691659,slp04,1,xgboost,apnea,slp04
1,1,0.6264403,slp04,1,xgboost,apnea,slp04
0,1,0.5000207,slp04,1,xgboost,apnea,slp04
1,1,0.664568,slp04,1,xgboost,apnea,slp04
1,1,0.6310361,slp04,1,xgboost,apnea,slp04
0,1,0.55134803,slp04,1,xgboost,apnea,slp04
1,1,0.5663294,slp04,1,xgboost,apnea,slp04
0,0,0.49433756,slp04,1,xgboost,apnea,slp04
1,1,0.6246464,slp04,1,xgboost,apnea,slp04
0,1,0.6393097,slp04,1,xgboost,apnea,slp04
1,1,0.599684,slp04,1,xgboost,apnea,slp04
1,0,0.47766754,slp04,1,xgboost,apnea,slp04
1,1,0.65113515,slp04,1,xgboost,apnea,slp04
0,1,0.613374,slp04,1,xgboost,apnea,slp04
1,1,0.6444567,slp04,1,xgboost,apnea,slp04
1,1,0.6921716,slp04,1,xgboost,apnea,slp04
1,1,0.60619855,slp04,1,xgboost,apnea,slp04
0,1,0.6192995,slp04,1,xgboost,apnea,slp04
1,1,0.5562814,slp04,1,xgboost,apnea,slp04
1,1,0.6384651,slp04,1,xgboost,apnea,slp04
0,1,0.6266213,slp04,1,xgboost,apnea,slp04
1,1,0.55398405,slp04,1,xgboost,apnea,slp04
1,1,0.6532559,slp04,1,xgboost,apnea,slp04
0,1,0.6082633,slp04,1,xgboost,apnea,slp04
1,1,0.6694259,slp04,1,xgboost,apnea,slp04
0,1,0.5220605,slp04,1,xgboost,apnea,slp04
1,0,0.1373694,slp04,1,xgboost,apnea,slp04
1,0,0.09088064,slp04,1,xgboost,apnea,slp04
0,0,0.17678672,slp04,1,xgboost,apnea,slp04
1,0,0.08268583,slp04,1,xgboost,apnea,slp04
0,0,0.15645419,slp04,1,xgboost,apnea,slp04
0,0,0.078663446,slp04,1,xgboost,apnea,slp04
0,0,0.08294637,slp04,1,xgboost,apnea,slp04
0,0,0.08660379,slp04,1,xgboost,apnea,slp04
0,0,0.10403641,slp04,1,xgboost,apnea,slp04
0,0,0.087594494,slp04,1,xgboost,apnea,slp04
0,0,0.08925472,slp04,1,xgboost,apnea,slp04
0,0,0.27766454,slp59,1,xgboost,apnea,slp59
0,0,0.26476893,slp59,1,xgboost,apnea,slp59
0,0,0.17113434,slp59,1,xgboost,apnea,slp59
0,0,0.15406343,slp59,1,xgboost,apnea,slp59
0,0,0.20589563,slp59,1,xgboost,apnea,slp59
0,0,0.3802406,slp59,1,xgboost,apnea,slp59
0,0,0.1505749,slp59,1,xgboost,apnea,slp59
0,0,0.07208482,slp59,1,xgboost,apnea,slp59
0,0,0.23641363,slp59,1,xgboost,apnea,slp59
0,0,0.057258464,slp59,1,xgboost,apnea,slp59
0,0,0.050629724,slp59,1,xgboost,apnea,slp59
0,0,0.077949256,slp59,1,xgboost,apnea,slp59
0,0,0.35866967,slp59,1,xgboost,apnea,slp59
0,0,0.17705925,slp59,1,xgboost,apnea,slp59
0,0,0.09214291,slp59,1,xgboost,apnea,slp59
0,0,0.08313752,slp59,1,xgboost,apnea,slp59
0,0,0.19036451,slp59,1,xgboost,apnea,slp59
0,0,0.21834823,slp59,1,xgboost,apnea,slp59
0,0,0.18728632,slp59,1,xgboost,apnea,slp59
0,0,0.3877423,slp59,1,xgboost,apnea,slp59
0,0,0.25508168,slp59,1,xgboost,apnea,slp59
0,0,0.20082912,slp59,1,xgboost,apnea,slp59
0,0,0.17031191,slp59,1,xgboost,apnea,slp59
0,0,0.1133949,slp59,1,xgboost,apnea,slp59
0,0,0.1881909,slp59,1,xgboost,apnea,slp59
0,0,0.19202946,slp59,1,xgboost,apnea,slp59
0,0,0.071962915,slp59,1,xgboost,apnea,slp59
0,0,0.15607758,slp59,1,xgboost,apnea,slp59
0,0,0.08323054,slp59,1,xgboost,apnea,slp59
0,0,0.09547046,slp59,1,xgboost,apnea,slp59
0,0,0.16250591,slp59,1,xgboost,apnea,slp59
0,0,0.17782073,slp59,1,xgboost,apnea,slp59
0,0,0.15143146,slp59,1,xgboost,apnea,slp59
0,0,0.18156299,slp59,1,xgboost,apnea,slp59
0,0,0.13820133,slp59,1,xgboost,apnea,slp59
1,0,0.2415673,slp59,1,xgboost,apnea,slp59
1,0,0.19382091,slp59,1,xgboost,apnea,slp59
1,1,0.7012661,slp59,1,xgboost,apnea,slp59
1,0,0.19754855,slp59,1,xgboost,apnea,slp59
1,0,0.18237332,slp59,1,xgboost,apnea,slp59
1,0,0.27813348,slp59,1,xgboost,apnea,slp59
1,0,0.30887982,slp59,1,xgboost,apnea,slp59
1,1,0.5870414,slp59,1,xgboost,apnea,slp59
1,0,0.39034268,slp59,1,xgboost,apnea,slp59
1,0,0.07354711,slp59,1,xgboost,apnea,slp59
1,0,0.49358678,slp59,1,xgboost,apnea,slp59
1,1,0.71359926,slp59,1,xgboost,apnea,slp59
1,0,0.4915514,slp59,1,xgboost,apnea,slp59
1,1,0.661826,slp59,1,xgboost,apnea,slp59
1,1,0.607825,slp59,1,xgboost,apnea,slp59
1,1,0.66421974,slp59,1,xgboost,apnea,slp59
1,1,0.6824563,slp59,1,xgboost,apnea,slp59
1,1,0.62617195,slp59,1,xgboost,apnea,slp59
1,1,0.6478908,slp59,1,xgboost,apnea,slp59
1,1,0.60861945,slp59,1,xgboost,apnea,slp59
1,1,0.69097775,slp59,1,xgboost,apnea,slp59
1,1,0.6609538,slp59,1,xgboost,apnea,slp59
1,1,0.62138003,slp59,1,xgboost,apnea,slp59
1,1,0.5799002,slp59,1,xgboost,apnea,slp59
1,1,0.6983364,slp59,1,xgboost,apnea,slp59
1,1,0.62576187,slp59,1,xgboost,apnea,slp59
1,1,0.60461473,slp59,1,xgboost,apnea,slp59
0,1,0.71413285,slp59,1,xgboost,apnea,slp59
1,1,0.6451224,slp59,1,xgboost,apnea,slp59
1,1,0.56507987,slp59,1,xgboost,apnea,slp59
1,1,0.56861115,slp59,1,xgboost,apnea,slp59
1,1,0.5235123,slp59,1,xgboost,apnea,slp59
0,1,0.5738234,slp59,1,xgboost,apnea,slp59
1,0,0.4843156,slp59,1,xgboost,apnea,slp59
1,1,0.59002876,slp59,1,xgboost,apnea,slp59
1,1,0.6624991,slp59,1,xgboost,apnea,slp59
1,1,0.6643059,slp59,1,xgboost,apnea,slp59
1,1,0.67051953,slp59,1,xgboost,apnea,slp59
0,0,0.13231893,slp59,1,xgboost,apnea,slp59
1,1,0.5126583,slp59,1,xgboost,apnea,slp59
1,0,0.43541437,slp59,1,xgboost,apnea,slp59
1,1,0.7009939,slp59,1,xgboost,apnea,slp59
1,1,0.6586036,slp59,1,xgboost,apnea,slp59
1,1,0.69413006,slp59,1,xgboost,apnea,slp59
1,1,0.69861716,slp59,1,xgboost,apnea,slp59
1,0,0.44295228,slp59,1,xgboost,apnea,slp59
1,0,0.2467361,slp59,1,xgboost,apnea,slp59
1,1,0.5062185,slp59,1,xgboost,apnea,slp59
1,1,0.64018416,slp59,1,xgboost,apnea,slp59
1,1,0.66884726,slp59,1,xgboost,apnea,slp59
1,1,0.5021103,slp59,1,xgboost,apnea,slp59
1,1,0.668636,slp59,1,xgboost,apnea,slp59
1,1,0.52464974,slp59,1,xgboost,apnea,slp59
1,0,0.4269923,slp59,1,xgboost,apnea,slp59
1,1,0.6451224,slp59,1,xgboost,apnea,slp59
1,1,0.65546364,slp59,1,xgboost,apnea,slp59
1,1,0.5470342,slp59,1,xgboost,apnea,slp59
1,1,0.5788526,slp59,1,xgboost,apnea,slp59
1,0,0.26048583,slp59,1,xgboost,apnea,slp59
1,0,0.10564613,slp59,1,xgboost,apnea,slp59
1,0,0.041899845,slp59,1,xgboost,apnea,slp59
0,0,0.050630614,slp59,1,xgboost,apnea,slp59
0,0,0.045418136,slp59,1,xgboost,apnea,slp59
0,0,0.119346365,slp59,1,xgboost,apnea,slp59
0,0,0.12378885,slp59,1,xgboost,apnea,slp59
0,0,0.16083045,slp59,1,xgboost,apnea,slp59
0,0,0.07380575,slp59,1,xgboost,apnea,slp59
0,0,0.067912325,slp59,1,xgboost,apnea,slp59
0,0,0.24865697,slp59,1,xgboost,apnea,slp59
0,0,0.054608185,slp59,1,xgboost,apnea,slp59
0,0,0.066930495,slp59,1,xgboost,apnea,slp59
0,0,0.066826075,slp59,1,xgboost,apnea,slp59
0,0,0.070457436,slp59,1,xgboost,apnea,slp59
0,0,0.10034576,slp59,1,xgboost,apnea,slp59
0,0,0.0887336,slp59,1,xgboost,apnea,slp59
0,0,0.116361104,slp59,1,xgboost,apnea,slp59
0,0,0.10003049,slp59,1,xgboost,apnea,slp59
0,0,0.08328267,slp59,1,xgboost,apnea,slp59
0,0,0.08557641,slp59,1,xgboost,apnea,slp59
0,0,0.097368106,slp59,1,xgboost,apnea,slp59
0,0,0.1058435,slp59,1,xgboost,apnea,slp59
0,0,0.10606097,slp59,1,xgboost,apnea,slp59
0,0,0.16424458,slp59,1,xgboost,apnea,slp59
0,0,0.10600966,slp59,1,xgboost,apnea,slp59
0,0,0.06631548,slp59,1,xgboost,apnea,slp59
0,0,0.10370827,slp59,1,xgboost,apnea,slp59
0,0,0.19594564,slp59,1,xgboost,apnea,slp59
0,0,0.16210833,slp59,1,xgboost,apnea,slp59
0,0,0.15761624,slp59,1,xgboost,apnea,slp59
0,0,0.18953477,slp59,1,xgboost,apnea,slp59
1,0,0.23126644,slp59,1,xgboost,apnea,slp59
1,0,0.2971936,slp59,1,xgboost,apnea,slp59
1,0,0.21239382,slp59,1,xgboost,apnea,slp59
1,0,0.47516993,slp59,1,xgboost,apnea,slp59
1,1,0.72696775,slp59,1,xgboost,apnea,slp59
1,0,0.14806412,slp59,1,xgboost,apnea,slp59
1,1,0.61975265,slp59,1,xgboost,apnea,slp59
1,0,0.4979899,slp59,1,xgboost,apnea,slp59
0,0,0.46875212,slp59,1,xgboost,apnea,slp59
1,1,0.6579768,slp59,1,xgboost,apnea,slp59
1,0,0.28728306,slp59,1,xgboost,apnea,slp59
1,1,0.7211657,slp59,1,xgboost,apnea,slp59
1,1,0.6500431,slp59,1,xgboost,apnea,slp59
1,1,0.60374993,slp59,1,xgboost,apnea,slp59
1,1,0.61137974,slp59,1,xgboost,apnea,slp59
1,1,0.68170613,slp59,1,xgboost,apnea,slp59
1,1,0.5975205,slp59,1,xgboost,apnea,slp59
1,1,0.5312635,slp59,1,xgboost,apnea,slp59
1,1,0.6414566,slp59,1,xgboost,apnea,slp59
1,1,0.68581253,slp59,1,xgboost,apnea,slp59
1,1,0.5428571,slp59,1,xgboost,apnea,slp59
1,1,0.6012823,slp59,1,xgboost,apnea,slp59
1,1,0.6050764,slp59,1,xgboost,apnea,slp59
0,1,0.7241052,slp59,1,xgboost,apnea,slp59
1,1,0.63496965,slp59,1,xgboost,apnea,slp59
1,0,0.118007615,slp59,1,xgboost,apnea,slp59
0,0,0.16509365,slp59,1,xgboost,apnea,slp59
1,0,0.32863945,slp59,1,xgboost,apnea,slp59
0,1,0.64018416,slp59,1,xgboost,apnea,slp59
0,0,0.44944093,slp59,1,xgboost,apnea,slp59
1,1,0.7042666,slp59,1,xgboost,apnea,slp59
1,1,0.64688283,slp59,1,xgboost,apnea,slp59
1,1,0.585602,slp59,1,xgboost,apnea,slp59
1,1,0.61897075,slp59,1,xgboost,apnea,slp59
1,1,0.71021634,slp59,1,xgboost,apnea,slp59
1,1,0.6991766,slp59,1,xgboost,apnea,slp59
0,1,0.52860403,slp59,1,xgboost,apnea,slp59
1,1,0.70597607,slp59,1,xgboost,apnea,slp59
1,1,0.55068785,slp59,1,xgboost,apnea,slp59
1,0,0.45990336,slp59,1,xgboost,apnea,slp59
1,1,0.67414325,slp59,1,xgboost,apnea,slp59
1,0,0.46188176,slp59,1,xgboost,apnea,slp59
0,1,0.6751911,slp59,1,xgboost,apnea,slp59
1,1,0.7177854,slp59,1,xgboost,apnea,slp59
1,1,0.5991506,slp59,1,xgboost,apnea,slp59
1,1,0.5872299,slp59,1,xgboost,apnea,slp59
0,1,0.50072527,slp59,1,xgboost,apnea,slp59
1,1,0.73957074,slp59,1,xgboost,apnea,slp59
0,1,0.5682581,slp59,1,xgboost,apnea,slp59
1,1,0.72207105,slp59,1,xgboost,apnea,slp59
0,1,0.654917,slp59,1,xgboost,apnea,slp59
1,1,0.70529556,slp59,1,xgboost,apnea,slp59
1,1,0.652773,slp59,1,xgboost,apnea,slp59
0,1,0.660222,slp59,1,xgboost,apnea,slp59
1,1,0.57409436,slp59,1,xgboost,apnea,slp59
0,1,0.6927325,slp59,1,xgboost,apnea,slp59
1,1,0.7416026,slp59,1,xgboost,apnea,slp59
0,0,0.46274194,slp59,1,xgboost,apnea,slp59
1,1,0.61744314,slp59,1,xgboost,apnea,slp59
0,1,0.545542,slp59,1,xgboost,apnea,slp59
1,1,0.6417657,slp59,1,xgboost,apnea,slp59
0,1,0.7249183,slp59,1,xgboost,apnea,slp59
1,1,0.59663874,slp59,1,xgboost,apnea,slp59
1,1,0.63221514,slp59,1,xgboost,apnea,slp59
0,1,0.7055269,slp59,1,xgboost,apnea,slp59
1,1,0.5803216,slp59,1,xgboost,apnea,slp59
0,0,0.45011616,slp59,1,xgboost,apnea,slp59
1,1,0.5178174,slp59,1,xgboost,apnea,slp59
0,1,0.628427,slp59,1,xgboost,apnea,slp59
1,1,0.52576977,slp59,1,xgboost,apnea,slp59
0,1,0.52200085,slp59,1,xgboost,apnea,slp59
1,0,0.3339858,slp59,1,xgboost,apnea,slp59
0,0,0.45582715,slp59,1,xgboost,apnea,slp59
0,0,0.48704207,slp59,1,xgboost,apnea,slp59
0,0,0.3339858,slp59,1,xgboost,apnea,slp59
0,0,0.33086473,slp59,1,xgboost,apnea,slp59
0,0,0.42032287,slp59,1,xgboost,apnea,slp59
0,0,0.37050077,slp59,1,xgboost,apnea,slp59
0,0,0.341257,slp59,1,xgboost,apnea,slp59
1,0,0.3563105,slp59,1,xgboost,apnea,slp59
0,0,0.34339723,slp59,1,xgboost,apnea,slp59
0,0,0.3401345,slp59,1,xgboost,apnea,slp59
0,0,0.38224405,slp59,1,xgboost,apnea,slp59
0,0,0.3543904,slp59,1,xgboost,apnea,slp59
0,0,0.34722164,slp59,1,xgboost,apnea,slp59
1,0,0.437518,slp59,1,xgboost,apnea,slp59
1,1,0.5034397,slp59,1,xgboost,apnea,slp59
1,0,0.33287513,slp59,1,xgboost,apnea,slp59
0,0,0.33017203,slp59,1,xgboost,apnea,slp59
1,0,0.343101,slp59,1,xgboost,apnea,slp59
0,1,0.6510812,slp59,1,xgboost,apnea,slp59
1,1,0.67913485,slp59,1,xgboost,apnea,slp59
1,0,0.10351907,slp59,1,xgboost,apnea,slp59
1,0,0.17794845,slp59,1,xgboost,apnea,slp59
1,0,0.085789144,slp59,1,xgboost,apnea,slp59
1,0,0.10351907,slp59,1,xgboost,apnea,slp59
0,0,0.18754978,slp59,1,xgboost,apnea,slp59
0,0,0.14197189,slp59,1,xgboost,apnea,slp59
0,0,0.2196329,slp59,1,xgboost,apnea,slp59
0,0,0.16456164,slp59,1,xgboost,apnea,slp59
0,0,0.23053809,slp59,1,xgboost,apnea,slp59
0,0,0.2189342,slp59,1,xgboost,apnea,slp59
0,0,0.03827803,slp59,1,xgboost,apnea,slp59
0,0,0.16994463,slp59,1,xgboost,apnea,slp59
0,0,0.4140217,slp59,1,xgboost,apnea,slp59
0,0,0.19431019,slp59,1,xgboost,apnea,slp59
0,0,0.16881599,slp59,1,xgboost,apnea,slp59
0,0,0.13900885,slp59,1,xgboost,apnea,slp59
0,0,0.09526802,slp59,1,xgboost,apnea,slp59
0,0,0.07032266,slp59,1,xgboost,apnea,slp59
0,0,0.33063707,slp59,1,xgboost,apnea,slp59
0,1,0.6928519,slp59,1,xgboost,apnea,slp59
0,0,0.4081895,slp59,1,xgboost,apnea,slp59
0,1,0.66003597,slp59,1,xgboost,apnea,slp59
1,0,0.19034587,slp59,1,xgboost,apnea,slp59
1,0,0.15454414,slp59,1,xgboost,apnea,slp59
1,0,0.18090855,slp59,1,xgboost,apnea,slp59
1,0,0.25243717,slp59,1,xgboost,apnea,slp59
1,0,0.10878267,slp59,1,xgboost,apnea,slp59
0,0,0.10557461,slp59,1,xgboost,apnea,slp59
0,0,0.33197507,slp59,1,xgboost,apnea,slp59
0,0,0.13303785,slp59,1,xgboost,apnea,slp59
0,0,0.11963185,slp59,1,xgboost,apnea,slp59
0,0,0.0423342,slp59,1,xgboost,apnea,slp59
0,0,0.081970185,slp59,1,xgboost,apnea,slp59
0,0,0.077849604,slp59,1,xgboost,apnea,slp59
0,0,0.16075008,slp59,1,xgboost,apnea,slp59
0,0,0.12503335,slp59,1,xgboost,apnea,slp59
0,0,0.07402745,slp59,1,xgboost,apnea,slp59
0,0,0.21089652,slp59,1,xgboost,apnea,slp59
0,0,0.26494673,slp59,1,xgboost,apnea,slp59
0,0,0.18182504,slp59,1,xgboost,apnea,slp59
0,0,0.20903808,slp59,1,xgboost,apnea,slp59
0,0,0.2413684,slp59,1,xgboost,apnea,slp59
1,0,0.39071286,slp59,1,xgboost,apnea,slp59
1,1,0.5348938,slp59,1,xgboost,apnea,slp59
1,1,0.5566871,slp59,1,xgboost,apnea,slp59
1,0,0.43215293,slp59,1,xgboost,apnea,slp59
1,1,0.71380126,slp59,1,xgboost,apnea,slp59
1,0,0.47666663,slp59,1,xgboost,apnea,slp59
1,1,0.646401,slp59,1,xgboost,apnea,slp59
1,1,0.5828696,slp59,1,xgboost,apnea,slp59
1,1,0.5681383,slp59,1,xgboost,apnea,slp59
1,1,0.5923067,slp59,1,xgboost,apnea,slp59
0,1,0.50227594,slp59,1,xgboost,apnea,slp59
1,1,0.5755993,slp59,1,xgboost,apnea,slp59
1,1,0.5191129,slp59,1,xgboost,apnea,slp59
0,1,0.64269614,slp59,1,xgboost,apnea,slp59
0,1,0.5428571,slp59,1,xgboost,apnea,slp59
1,1,0.5828696,slp59,1,xgboost,apnea,slp59
1,1,0.6569661,slp59,1,xgboost,apnea,slp59
1,1,0.6305393,slp59,1,xgboost,apnea,slp59
1,1,0.69178015,slp59,1,xgboost,apnea,slp59
0,0,0.4690698,slp59,1,xgboost,apnea,slp59
1,1,0.52234656,slp59,1,xgboost,apnea,slp59
1,1,0.61274743,slp59,1,xgboost,apnea,slp59
1,1,0.61274743,slp59,1,xgboost,apnea,slp59
1,1,0.66253304,slp59,1,xgboost,apnea,slp59
0,1,0.53373176,slp59,1,xgboost,apnea,slp59
0,0,0.42760703,slp59,1,xgboost,apnea,slp59
1,0,0.18332112,slp59,1,xgboost,apnea,slp59
1,1,0.5340988,slp59,1,xgboost,apnea,slp59
1,1,0.6963272,slp59,1,xgboost,apnea,slp59
1,1,0.717655,slp59,1,xgboost,apnea,slp59
1,1,0.59607583,slp59,1,xgboost,apnea,slp59
1,1,0.6763617,slp59,1,xgboost,apnea,slp59
0,1,0.7289827,slp59,1,xgboost,apnea,slp59
1,1,0.58964795,slp59,1,xgboost,apnea,slp59
1,1,0.6506553,slp59,1,xgboost,apnea,slp59
1,1,0.7224583,slp59,1,xgboost,apnea,slp59
1,1,0.6992415,slp59,1,xgboost,apnea,slp59
1,1,0.5273937,slp59,1,xgboost,apnea,slp59
1,1,0.6633191,slp59,1,xgboost,apnea,slp59
0,1,0.71359926,slp59,1,xgboost,apnea,slp59
0,1,0.58037597,slp59,1,xgboost,apnea,slp59
1,1,0.7284193,slp59,1,xgboost,apnea,slp59
1,1,0.6599634,slp59,1,xgboost,apnea,slp59
1,1,0.7091613,slp59,1,xgboost,apnea,slp59
1,1,0.7284193,slp59,1,xgboost,apnea,slp59
0,1,0.71777356,slp59,1,xgboost,apnea,slp59
1,0,0.49870926,slp59,1,xgboost,apnea,slp59
0,0,0.3772447,slp59,1,xgboost,apnea,slp59
1,1,0.59688884,slp59,1,xgboost,apnea,slp59
0,0,0.33868626,slp59,1,xgboost,apnea,slp59
0,1,0.6749546,slp59,1,xgboost,apnea,slp59
1,1,0.59135455,slp59,1,xgboost,apnea,slp59
1,0,0.28102282,slp59,1,xgboost,apnea,slp59
1,0,0.29947054,slp59,1,xgboost,apnea,slp59
0,0,0.30793783,slp59,1,xgboost,apnea,slp59
1,1,0.5379578,slp59,1,xgboost,apnea,slp59
0,0,0.24111855,slp59,1,xgboost,apnea,slp59
1,1,0.5804732,slp59,1,xgboost,apnea,slp59
0,0,0.21743889,slp59,1,xgboost,apnea,slp59
1,0,0.38994712,slp59,1,xgboost,apnea,slp59
1,0,0.29507366,slp59,1,xgboost,apnea,slp59
1,0,0.25323117,slp59,1,xgboost,apnea,slp59
1,0,0.060193248,slp59,1,xgboost,apnea,slp59
1,0,0.16509365,slp59,1,xgboost,apnea,slp59
1,1,0.7091613,slp59,1,xgboost,apnea,slp59
1,1,0.66639835,slp59,1,xgboost,apnea,slp59
1,0,0.23541293,slp59,1,xgboost,apnea,slp59
0,0,0.27004284,slp59,1,xgboost,apnea,slp59
1,0,0.24482545,slp59,1,xgboost,apnea,slp59
1,1,0.50540805,slp59,1,xgboost,apnea,slp59
1,1,0.63426405,slp59,1,xgboost,apnea,slp59
0,0,0.21330123,slp59,1,xgboost,apnea,slp59
1,0,0.39071286,slp59,1,xgboost,apnea,slp59
1,0,0.33480868,slp59,1,xgboost,apnea,slp59
1,1,0.6891799,slp59,1,xgboost,apnea,slp59
1,1,0.69608766,slp59,1,xgboost,apnea,slp59
0,1,0.70034844,slp59,1,xgboost,apnea,slp59
1,1,0.68275124,slp59,1,xgboost,apnea,slp59
0,1,0.7089018,slp59,1,xgboost,apnea,slp59
1,1,0.64310175,slp59,1,xgboost,apnea,slp59
1,1,0.5194465,slp59,1,xgboost,apnea,slp59
1,1,0.7114162,slp59,1,xgboost,apnea,slp59
0,1,0.6542555,slp59,1,xgboost,apnea,slp59
0,1,0.65793115,slp59,1,xgboost,apnea,slp59
0,0,0.48726705,slp59,1,xgboost,apnea,slp59
0,1,0.67361677,slp59,1,xgboost,apnea,slp59
0,1,0.6576692,slp59,1,xgboost,apnea,slp59
0,1,0.5874261,slp59,1,xgboost,apnea,slp59
0,1,0.743249,slp59,1,xgboost,apnea,slp59
0,1,0.6817877,slp59,1,xgboost,apnea,slp59
0,1,0.7120136,slp59,1,xgboost,apnea,slp59
0,1,0.60677725,slp59,1,xgboost,apnea,slp59
0,1,0.50455046,slp59,1,xgboost,apnea,slp59
0,0,0.46881878,slp59,1,xgboost,apnea,slp59
0,1,0.7387725,slp59,1,xgboost,apnea,slp59
0,0,0.4981633,slp59,1,xgboost,apnea,slp59
0,1,0.67957455,slp59,1,xgboost,apnea,slp59
0,0,0.4858055,slp59,1,xgboost,apnea,slp59
1,0,0.48606303,slp59,1,xgboost,apnea,slp59
1,0,0.35934645,slp59,1,xgboost,apnea,slp59
0,0,0.46037707,slp59,1,xgboost,apnea,slp59
0,0,0.3404744,slp59,1,xgboost,apnea,slp59
0,0,0.3824595,slp59,1,xgboost,apnea,slp59
1,0,0.2863254,slp59,1,xgboost,apnea,slp59
0,0,0.4272289,slp59,1,xgboost,apnea,slp59
1,0,0.36362317,slp59,1,xgboost,apnea,slp59
0,0,0.36362317,slp59,1,xgboost,apnea,slp59
0,0,0.39545164,slp59,1,xgboost,apnea,slp59
1,0,0.46602166,slp59,1,xgboost,apnea,slp59
0,0,0.35314837,slp59,1,xgboost,apnea,slp59
0,0,0.4454089,slp59,1,xgboost,apnea,slp59
0,0,0.35279936,slp59,1,xgboost,apnea,slp59
0,0,0.3339858,slp59,1,xgboost,apnea,slp59
1,0,0.42252064,slp59,1,xgboost,apnea,slp59
0,0,0.30654722,slp59,1,xgboost,apnea,slp59
0,0,0.31678617,slp59,1,xgboost,apnea,slp59
1,0,0.3368612,slp59,1,xgboost,apnea,slp59
0,0,0.27292502,slp59,1,xgboost,apnea,slp59
1,0,0.33796778,slp59,1,xgboost,apnea,slp59
0,0,0.3368506,slp59,1,xgboost,apnea,slp59
1,0,0.34245747,slp59,1,xgboost,apnea,slp59
1,0,0.34107345,slp59,1,xgboost,apnea,slp59
1,0,0.35726884,slp59,1,xgboost,apnea,slp59
0,0,0.42032287,slp59,1,xgboost,apnea,slp59
1,0,0.37878084,slp59,1,xgboost,apnea,slp59
0,0,0.33359292,slp59,1,xgboost,apnea,slp59
1,0,0.3430515,slp59,1,xgboost,apnea,slp59
1,0,0.33073148,slp59,1,xgboost,apnea,slp59
1,0,0.3339858,slp59,1,xgboost,apnea,slp59
0,0,0.48250332,slp59,1,xgboost,apnea,slp59
1,0,0.36064357,slp59,1,xgboost,apnea,slp59
1,0,0.343101,slp59,1,xgboost,apnea,slp59
1,0,0.42710066,slp59,1,xgboost,apnea,slp59
0,0,0.33623904,slp59,1,xgboost,apnea,slp59
1,0,0.44254094,slp59,1,xgboost,apnea,slp59
1,0,0.32962632,slp59,1,xgboost,apnea,slp59
0,0,0.2229264,slp59,1,xgboost,apnea,slp59
1,0,0.31492966,slp59,1,xgboost,apnea,slp59
1,1,0.7374228,slp59,1,xgboost,apnea,slp59
1,1,0.5866913,slp59,1,xgboost,apnea,slp59
1,1,0.73879594,slp59,1,xgboost,apnea,slp59
1,1,0.7465285,slp59,1,xgboost,apnea,slp59
1,1,0.65698624,slp59,1,xgboost,apnea,slp59
0,1,0.59899914,slp59,1,xgboost,apnea,slp59
1,1,0.7638618,slp59,1,xgboost,apnea,slp59
1,1,0.616654,slp59,1,xgboost,apnea,slp59
1,1,0.67464817,slp59,1,xgboost,apnea,slp59
1,1,0.5973181,slp59,1,xgboost,apnea,slp59
1,1,0.63468176,slp59,1,xgboost,apnea,slp59
1,1,0.5237576,slp59,1,xgboost,apnea,slp59
1,0,0.37421283,slp59,1,xgboost,apnea,slp59
0,1,0.506939,slp59,1,xgboost,apnea,slp59
0,0,0.48526874,slp59,1,xgboost,apnea,slp59
0,0,0.29757717,slp59,1,xgboost,apnea,slp59
1,1,0.57710546,slp59,1,xgboost,apnea,slp59
0,0,0.35644293,slp59,1,xgboost,apnea,slp59
0,0,0.24168552,slp59,1,xgboost,apnea,slp59
1,0,0.3397381,slp59,1,xgboost,apnea,slp59
0,0,0.45226425,slp59,1,xgboost,apnea,slp59
0,0,0.35989505,slp59,1,xgboost,apnea,slp59
0,0,0.23848157,slp59,1,xgboost,apnea,slp59
1,0,0.33287513,slp59,1,xgboost,apnea,slp59
1,0,0.26749873,slp59,1,xgboost,apnea,slp59
1,0,0.23593295,slp59,1,xgboost,apnea,slp59
0,0,0.2776015,slp59,1,xgboost,apnea,slp59
0,0,0.45713967,slp59,1,xgboost,apnea,slp59
0,0,0.4499108,slp59,1,xgboost,apnea,slp59
1,1,0.6463005,slp59,1,xgboost,apnea,slp59
0,1,0.7220593,slp59,1,xgboost,apnea,slp59
1,1,0.7314487,slp59,1,xgboost,apnea,slp59
1,1,0.7505051,slp59,1,xgboost,apnea,slp59
0,1,0.664488,slp59,1,xgboost,apnea,slp59
1,1,0.61479795,slp59,1,xgboost,apnea,slp59
0,1,0.7495291,slp59,1,xgboost,apnea,slp59
1,1,0.690322,slp59,1,xgboost,apnea,slp59
0,1,0.60588855,slp59,1,xgboost,apnea,slp59
1,1,0.61997,slp59,1,xgboost,apnea,slp59
1,1,0.7272095,slp59,1,xgboost,apnea,slp59
1,1,0.63005435,slp59,1,xgboost,apnea,slp59
0,1,0.5463446,slp59,1,xgboost,apnea,slp59
1,1,0.69183385,slp59,1,xgboost,apnea,slp59
1,1,0.6540096,slp59,1,xgboost,apnea,slp59
1,1,0.7200541,slp59,1,xgboost,apnea,slp59
0,1,0.571626,slp59,1,xgboost,apnea,slp59
1,1,0.6769116,slp59,1,xgboost,apnea,slp59
1,0,0.49827448,slp59,1,xgboost,apnea,slp59
1,1,0.6544143,slp59,1,xgboost,apnea,slp59
1,1,0.70945555,slp59,1,xgboost,apnea,slp59
1,1,0.7170065,slp59,1,xgboost,apnea,slp59
1,1,0.6362791,slp59,1,xgboost,apnea,slp59
0,1,0.6413113,slp59,1,xgboost,apnea,slp59
0,1,0.62335795,slp59,1,xgboost,apnea,slp59
0,1,0.7591318,slp59,1,xgboost,apnea,slp59
0,1,0.7230928,slp59,1,xgboost,apnea,slp59
0,1,0.70127964,slp59,1,xgboost,apnea,slp59
0,1,0.73251796,slp59,1,xgboost,apnea,slp59
0,1,0.5088822,slp59,1,xgboost,apnea,slp59
1,0,0.43420637,slp59,1,xgboost,apnea,slp59
1,1,0.713895,slp59,1,xgboost,apnea,slp59
